external_shipment_id,external_order_id,tracking_number,carrier,service_level,origin_zip,destination_zip,zone,weight_lb,dim_weight_lb,shipped_at,delivered_at,warehouse_id
SHP-00001,ORD-00001,1Z7000000000000001,UPS,Ground,60431,10001,4,1.55,1.94,2026-03-02T03:00:00Z,2026-03-05T03:00:00Z,WH-IL-01
SHP-00002,ORD-00002,1Z7000000000000002,UPS,Ground,08817,02108,2,9.95,15.42,2026-03-02T05:00:00Z,2026-03-04T05:00:00Z,WH-NJ-01
SHP-00003,ORD-00003,790000000003,FedEx,Ground,08817,19103,2,10.35,16.04,2026-03-02T11:00:00Z,2026-03-04T11:00:00Z,WH-NJ-01
SHP-00004,ORD-00004,1Z7000000000000004,UPS,2Day,60431,33101,4,7.75,9.69,2026-03-02T18:00:00Z,2026-03-04T18:00:00Z,WH-IL-01
SHP-00005,ORD-00005,790000000005,FedEx,Ground,60431,30303,4,1.85,2.50,2026-03-02T18:00:00Z,2026-03-05T18:00:00Z,WH-IL-01
SHP-00006,ORD-00006,1Z7000000000000006,UPS,2Day,08817,28202,4,28.05,35.06,2026-03-02T23:00:00Z,2026-03-04T23:00:00Z,WH-NJ-01
SHP-00007,ORD-00007,1Z7000000000000007,UPS,Ground,91761,75201,6,5.85,6.14,2026-03-03T04:00:00Z,2026-03-07T04:00:00Z,WH-CA-01
SHP-00008,ORD-00008,1Z7000000000000008,UPS,Ground,08817,77002,4,7.25,11.24,2026-03-03T14:00:00Z,2026-03-06T14:00:00Z,WH-NJ-01
SHP-00009,ORD-00009,790000000009,FedEx,Ground,60431,60601,3,17.25,25.01,2026-03-03T14:00:00Z,2026-03-05T14:00:00Z,WH-IL-01
SHP-00010,ORD-00010,1Z7000000000000010,UPS,2Day,60431,55401,3,7.75,9.69,2026-03-04T01:00:00Z,2026-03-06T01:00:00Z,WH-IL-01
SHP-00011,ORD-00011,1Z7000000000000011,UPS,Ground,60431,43215,4,17.75,18.64,2026-03-04T00:00:00Z,2026-03-07T00:00:00Z,WH-IL-01
SHP-00012,ORD-00012,790000000012,FedEx,Ground,60431,80202,6,8.15,9.37,2026-03-04T08:00:00Z,2026-03-08T08:00:00Z,WH-IL-01
SHP-00013,ORD-00013,790000000013,FedEx,Ground,91761,84101,4,28.65,32.95,2026-03-04T10:00:00Z,2026-03-07T10:00:00Z,WH-CA-01
SHP-00014,ORD-00014,1Z7000000000000014,UPS,Ground,60431,83702,7,2.85,4.13,2026-03-04T17:00:00Z,2026-03-09T17:00:00Z,WH-IL-01
SHP-00015,ORD-00015,1Z7000000000000015,UPS,Ground,91761,85004,3,4.65,6.28,2026-03-04T20:00:00Z,2026-03-06T20:00:00Z,WH-CA-01
SHP-00016,ORD-00016,790000000016,FedEx,Overnight,91761,90014,3,3.95,4.54,2026-03-05T07:00:00Z,2026-03-06T07:00:00Z,WH-CA-01
SHP-00017,ORD-00017,790000000017,FedEx,Ground,91761,94103,2,9.45,14.65,2026-03-05T12:00:00Z,2026-03-07T12:00:00Z,WH-CA-01
SHP-00018,ORD-00018,790000000018,FedEx,Ground,91761,98101,2,9.25,13.41,2026-03-05T10:00:00Z,2026-03-07T10:00:00Z,WH-CA-01
SHP-00019,ORD-00019,790000000019,FedEx,Ground,08817,10001,2,4.65,5.35,2026-03-06T08:00:00Z,2026-03-08T08:00:00Z,WH-NJ-01
SHP-00020,ORD-00020,790000000020,FedEx,2Day,08817,02108,2,10.45,17.24,2026-03-06T03:00:00Z,2026-03-08T03:00:00Z,WH-NJ-01
SHP-00021,ORD-00021,1Z7000000000000021,UPS,Ground,08817,19103,2,2.95,3.39,2026-03-06T08:00:00Z,2026-03-08T08:00:00Z,WH-NJ-01
SHP-00022,ORD-00022,1Z7000000000000022,UPS,Ground,08817,33101,5,3.35,4.52,2026-03-07T01:00:00Z,2026-03-10T01:00:00Z,WH-NJ-01
SHP-00023,ORD-00023,790000000023,FedEx,Ground,08817,30303,5,25.55,26.83,2026-03-06T11:00:00Z,2026-03-09T11:00:00Z,WH-NJ-01
SHP-00024,ORD-00024,1Z7000000000000024,UPS,Ground,60431,28202,4,17.25,28.46,2026-03-06T21:00:00Z,2026-03-09T21:00:00Z,WH-IL-01
SHP-00025,ORD-00025,1Z7000000000000025,UPS,Ground,60431,75201,5,2.25,3.71,2026-03-07T00:00:00Z,2026-03-10T00:00:00Z,WH-IL-01
SHP-00026,ORD-00026,790000000026,FedEx,Overnight,60431,77002,5,5.45,6.27,2026-03-07T19:00:00Z,2026-03-08T19:00:00Z,WH-IL-01
SHP-00027,ORD-00027,790000000027,FedEx,Ground,08817,60601,4,15.45,23.95,2026-03-07T23:00:00Z,2026-03-10T23:00:00Z,WH-NJ-01
SHP-00028,ORD-00028,1Z7000000000000028,UPS,Ground,60431,55401,3,10.25,12.81,2026-03-07T18:00:00Z,2026-03-09T18:00:00Z,WH-IL-01
SHP-00029,ORD-00029,790000000029,FedEx,Ground,08817,43215,5,34.65,50.24,2026-03-08T11:00:00Z,2026-03-11T11:00:00Z,WH-NJ-01
SHP-00030,ORD-00030,1Z7000000000000030,UPS,Ground,60431,80202,6,3.45,5.00,2026-03-08T04:00:00Z,2026-03-12T04:00:00Z,WH-IL-01
SHP-00031,ORD-00031,1Z7000000000000031,UPS,Ground,91761,84101,4,3.15,3.62,2026-03-08T04:00:00Z,2026-03-11T04:00:00Z,WH-CA-01
SHP-00032,ORD-00032,790000000032,FedEx,Ground,60431,83702,6,1.65,2.72,2026-03-09T00:00:00Z,2026-03-14T00:00:00Z,WH-IL-01
SHP-00033,ORD-00033,790000000033,FedEx,Ground,91761,85004,2,3.25,5.04,2026-03-08T18:00:00Z,2026-03-10T18:00:00Z,WH-CA-01
SHP-00034,ORD-00034,1Z7000000000000034,UPS,Ground,91761,90014,2,1.95,2.44,2026-03-08T18:00:00Z,2026-03-10T18:00:00Z,WH-CA-01
SHP-00035,ORD-00035,790000000035,FedEx,Overnight,91761,94103,2,7.85,12.95,2026-03-09T06:00:00Z,2026-03-10T06:00:00Z,WH-CA-01
SHP-00036,ORD-00036,1Z7000000000000036,UPS,2Day,91761,98101,3,5.65,5.93,2026-03-09T21:00:00Z,2026-03-11T21:00:00Z,WH-CA-01
SHP-00037,ORD-00037,1Z7000000000000037,UPS,2Day,08817,10001,3,9.15,15.10,2026-03-09T14:00:00Z,2026-03-11T14:00:00Z,WH-NJ-01
SHP-00038,ORD-00038,1Z7000000000000038,UPS,2Day,08817,02108,2,14.25,23.51,2026-03-09T19:00:00Z,2026-03-11T19:00:00Z,WH-NJ-01
SHP-00039,ORD-00039,1Z7000000000000039,UPS,Ground,08817,19103,2,3.35,5.19,2026-03-09T21:00:00Z,2026-03-11T21:00:00Z,WH-NJ-01
SHP-00040,ORD-00040,790000000040,FedEx,Ground,60431,33101,5,5.15,7.98,2026-03-10T03:00:00Z,2026-03-13T03:00:00Z,WH-IL-01
SHP-00041,ORD-00041,790000000041,FedEx,2Day,60431,30303,4,1.75,2.36,2026-03-10T05:00:00Z,2026-03-12T05:00:00Z,WH-IL-01
SHP-00042,ORD-00042,1Z7000000000000042,UPS,Ground,08817,28202,4,4.15,5.19,2026-03-10T12:00:00Z,2026-03-13T12:00:00Z,WH-NJ-01
SHP-00043,ORD-00043,790000000043,FedEx,Ground,60431,75201,4,4.15,6.85,2026-03-11T07:00:00Z,2026-03-14T07:00:00Z,WH-IL-01
SHP-00044,ORD-00044,790000000044,FedEx,Ground,60431,77002,4,1.65,1.90,2026-03-11T01:00:00Z,2026-03-14T01:00:00Z,WH-IL-01
SHP-00045,ORD-00045,1Z7000000000000045,UPS,Ground,60431,60601,3,3.05,4.42,2026-03-11T18:00:00Z,2026-03-13T18:00:00Z,WH-IL-01
SHP-00046,ORD-00046,1Z7000000000000046,UPS,Ground,60431,55401,3,8.15,13.45,2026-03-11T23:00:00Z,2026-03-13T23:00:00Z,WH-IL-01
SHP-00047,ORD-00047,790000000047,FedEx,Ground,91761,43215,8,5.55,9.16,2026-03-11T12:00:00Z,2026-03-15T12:00:00Z,WH-CA-01
SHP-00048,ORD-00048,1Z7000000000000048,UPS,Ground,91761,80202,5,5.55,6.38,2026-03-11T23:00:00Z,2026-03-14T23:00:00Z,WH-CA-01
SHP-00049,ORD-00049,1Z7000000000000049,UPS,Ground,08817,84101,6,1.05,1.10,2026-03-11T21:00:00Z,2026-03-15T21:00:00Z,WH-NJ-01
SHP-00050,ORD-00050,790000000050,FedEx,2Day,60431,83702,6,4.05,4.66,2026-03-12T05:00:00Z,2026-03-15T05:00:00Z,WH-IL-01
SHP-00051,ORD-00051,790000000051,FedEx,Ground,91761,85004,2,3.35,4.19,2026-03-12T09:00:00Z,2026-03-14T09:00:00Z,WH-CA-01
SHP-00052,ORD-00052,1Z7000000000000052,UPS,Ground,91761,90014,3,1.75,2.89,2026-03-12T14:00:00Z,2026-03-14T14:00:00Z,WH-CA-01
SHP-00053,ORD-00053,1Z7000000000000053,UPS,2Day,91761,94103,2,5.85,8.48,2026-03-12T23:00:00Z,2026-03-14T23:00:00Z,WH-CA-01
SHP-00054,ORD-00054,790000000054,FedEx,Ground,91761,98101,2,2.55,3.44,2026-03-13T14:00:00Z,2026-03-15T14:00:00Z,WH-CA-01
SHP-00055,ORD-00055,790000000055,FedEx,Overnight,60431,10001,4,17.85,18.74,2026-03-13T08:00:00Z,2026-03-14T08:00:00Z,WH-IL-01
SHP-00056,ORD-00056,790000000056,FedEx,2Day,08817,02108,3,3.95,6.12,2026-03-14T03:00:00Z,2026-03-16T03:00:00Z,WH-NJ-01
SHP-00057,ORD-00057,1Z7000000000000057,UPS,Overnight,60431,19103,5,1.45,2.39,2026-03-13T20:00:00Z,2026-03-14T20:00:00Z,WH-IL-01
SHP-00058,ORD-00058,790000000058,FedEx,2Day,60431,33101,4,10.15,10.66,2026-03-13T23:00:00Z,2026-03-15T23:00:00Z,WH-IL-01
SHP-00059,ORD-00059,1Z7000000000000059,UPS,Ground,60431,30303,5,11.55,17.90,2026-03-15T05:00:00Z,2026-03-18T05:00:00Z,WH-IL-01
SHP-00060,ORD-00060,1Z7000000000000060,UPS,2Day,08817,28202,4,8.05,12.48,2026-03-14T10:00:00Z,2026-03-16T10:00:00Z,WH-NJ-01
SHP-00061,ORD-00061,790000000061,FedEx,Ground,91761,75201,6,7.35,9.92,2026-03-14T14:00:00Z,2026-03-18T14:00:00Z,WH-CA-01
SHP-00062,ORD-00062,790000000062,FedEx,2Day,08817,77002,4,25.65,32.06,2026-03-15T08:00:00Z,2026-03-17T08:00:00Z,WH-NJ-01
SHP-00063,ORD-00063,790000000063,FedEx,Ground,60431,60601,3,15.25,20.59,2026-03-15T12:00:00Z,2026-03-17T12:00:00Z,WH-IL-01
SHP-00064,ORD-00064,1Z7000000000000064,UPS,Ground,60431,55401,4,5.25,6.04,2026-03-15T04:00:00Z,2026-03-18T04:00:00Z,WH-IL-01
SHP-00065,ORD-00065,1Z7000000000000065,UPS,Ground,60431,43215,3,5.25,5.51,2026-03-15T06:00:00Z,2026-03-17T06:00:00Z,WH-IL-01
SHP-00066,ORD-00066,1Z7000000000000066,UPS,2Day,60431,80202,5,10.15,12.69,2026-03-15T13:00:00Z,2026-03-17T13:00:00Z,WH-IL-01
SHP-00067,ORD-00067,790000000067,FedEx,Ground,91761,84101,4,4.25,6.59,2026-03-16T10:00:00Z,2026-03-19T10:00:00Z,WH-CA-01
SHP-00068,ORD-00068,790000000068,FedEx,Ground,91761,83702,6,5.15,5.92,2026-03-17T02:00:00Z,2026-03-22T02:00:00Z,WH-CA-01
SHP-00069,ORD-00069,1Z7000000000000069,UPS,Overnight,60431,85004,7,3.05,3.51,2026-03-16T03:00:00Z,2026-03-17T03:00:00Z,WH-IL-01
SHP-00070,ORD-00070,790000000070,FedEx,Ground,91761,90014,2,7.45,11.55,2026-03-16T23:00:00Z,2026-03-18T23:00:00Z,WH-CA-01
SHP-00071,ORD-00071,790000000071,FedEx,2Day,91761,94103,3,2.95,3.98,2026-03-16T12:00:00Z,2026-03-18T12:00:00Z,WH-CA-01
SHP-00072,ORD-00072,1Z7000000000000072,UPS,Ground,91761,98101,2,5.65,6.50,2026-03-16T16:00:00Z,2026-03-18T16:00:00Z,WH-CA-01
SHP-00073,ORD-00073,1Z7000000000000073,UPS,Ground,08817,10001,2,4.25,7.01,2026-03-17T03:00:00Z,2026-03-19T03:00:00Z,WH-NJ-01
SHP-00074,ORD-00074,790000000074,FedEx,Ground,08817,02108,2,1.55,2.40,2026-03-17T03:00:00Z,2026-03-19T03:00:00Z,WH-NJ-01
SHP-00075,ORD-00075,790000000075,FedEx,Ground,08817,19103,2,25.75,39.91,2026-03-17T23:00:00Z,2026-03-19T23:00:00Z,WH-NJ-01
SHP-00076,ORD-00076,790000000076,FedEx,Ground,60431,33101,5,17.75,22.19,2026-03-17T14:00:00Z,2026-03-20T14:00:00Z,WH-IL-01
SHP-00077,ORD-00077,1Z7000000000000077,UPS,Ground,60431,30303,5,9.45,14.65,2026-03-17T19:00:00Z,2026-03-20T19:00:00Z,WH-IL-01
SHP-00078,ORD-00078,1Z7000000000000078,UPS,Ground,08817,28202,4,10.55,16.35,2026-03-18T15:00:00Z,2026-03-21T15:00:00Z,WH-NJ-01
SHP-00079,ORD-00079,790000000079,FedEx,Ground,08817,75201,5,9.15,13.27,2026-03-18T20:00:00Z,2026-03-21T20:00:00Z,WH-NJ-01
SHP-00080,ORD-00080,1Z7000000000000080,UPS,Ground,60431,77002,4,26.15,27.46,2026-03-18T13:00:00Z,2026-03-21T13:00:00Z,WH-IL-01
SHP-00081,ORD-00081,1Z7000000000000081,UPS,2Day,08817,60601,4,7.65,9.56,2026-03-18T19:00:00Z,2026-03-20T19:00:00Z,WH-NJ-01
SHP-00082,ORD-00082,790000000082,FedEx,2Day,08817,55401,4,2.75,3.71,2026-03-18T22:00:00Z,2026-03-20T22:00:00Z,WH-NJ-01
SHP-00083,ORD-00083,790000000083,FedEx,Ground,60431,43215,3,15.35,16.12,2026-03-19T04:00:00Z,2026-03-21T04:00:00Z,WH-IL-01
SHP-00084,ORD-00084,790000000084,FedEx,Overnight,08817,80202,6,10.55,16.35,2026-03-19T07:00:00Z,2026-03-20T07:00:00Z,WH-NJ-01
SHP-00085,ORD-00085,790000000085,FedEx,Ground,60431,84101,5,2.75,4.26,2026-03-20T14:00:00Z,2026-03-23T14:00:00Z,WH-IL-01
SHP-00086,ORD-00086,1Z7000000000000086,UPS,Ground,91761,83702,5,7.55,11.70,2026-03-19T18:00:00Z,2026-03-22T18:00:00Z,WH-CA-01
SHP-00087,ORD-00087,1Z7000000000000087,UPS,Ground,91761,85004,2,2.05,3.38,2026-03-19T20:00:00Z,2026-03-21T20:00:00Z,WH-CA-01
SHP-00088,ORD-00088,1Z7000000000000088,UPS,Ground,91761,90014,2,14.75,16.96,2026-03-20T16:00:00Z,2026-03-22T16:00:00Z,WH-CA-01
SHP-00089,ORD-00089,790000000089,FedEx,2Day,91761,94103,2,4.65,7.21,2026-03-20T21:00:00Z,2026-03-22T21:00:00Z,WH-CA-01
SHP-00090,ORD-00090,790000000090,FedEx,2Day,91761,98101,3,14.25,16.39,2026-03-20T10:00:00Z,2026-03-22T10:00:00Z,WH-CA-01
SHP-00091,ORD-00091,1Z7000000000000091,UPS,Ground,08817,10001,3,5.15,6.95,2026-03-20T16:00:00Z,2026-03-22T16:00:00Z,WH-NJ-01
SHP-00092,ORD-00092,1Z7000000000000092,UPS,Ground,08817,02108,2,10.05,12.56,2026-03-21T12:00:00Z,2026-03-23T12:00:00Z,WH-NJ-01
SHP-00093,ORD-00093,790000000093,FedEx,Overnight,08817,19103,3,3.95,4.15,2026-03-22T07:00:00Z,2026-03-23T07:00:00Z,WH-NJ-01
SHP-00094,ORD-00094,1Z7000000000000094,UPS,2Day,60431,33101,4,1.65,1.73,2026-03-21T12:00:00Z,2026-03-23T12:00:00Z,WH-IL-01
SHP-00095,ORD-00095,1Z7000000000000095,UPS,Ground,91761,30303,6,2.95,4.57,2026-03-21T16:00:00Z,2026-03-25T16:00:00Z,WH-CA-01
SHP-00096,ORD-00096,790000000096,FedEx,Ground,08817,28202,4,5.35,8.83,2026-03-21T22:00:00Z,2026-03-24T22:00:00Z,WH-NJ-01
SHP-00097,ORD-00097,790000000097,FedEx,Ground,08817,75201,5,8.95,11.19,2026-03-21T23:00:00Z,2026-03-24T23:00:00Z,WH-NJ-01
SHP-00098,ORD-00098,790000000098,FedEx,Ground,08817,77002,5,3.25,3.74,2026-03-22T03:00:00Z,2026-03-25T03:00:00Z,WH-NJ-01
SHP-00099,ORD-00099,1Z7000000000000099,UPS,Ground,60431,60601,4,1.65,2.23,2026-03-23T00:00:00Z,2026-03-26T00:00:00Z,WH-IL-01
SHP-00100,ORD-00100,1Z7000000000000100,UPS,Ground,08817,55401,5,2.25,2.59,2026-03-23T18:00:00Z,2026-03-26T18:00:00Z,WH-NJ-01
SHP-00101,ORD-00101,790000000101,FedEx,2Day,60431,43215,3,10.55,15.30,2026-03-22T17:00:00Z,2026-03-24T17:00:00Z,WH-IL-01
SHP-00102,ORD-00102,790000000102,FedEx,2Day,08817,80202,6,3.25,4.71,2026-03-22T23:00:00Z,2026-03-24T23:00:00Z,WH-NJ-01
SHP-00103,ORD-00103,1Z7000000000000103,UPS,2Day,91761,84101,4,4.55,4.78,2026-03-23T07:00:00Z,2026-03-25T07:00:00Z,WH-CA-01
SHP-00104,ORD-00104,1Z7000000000000104,UPS,2Day,60431,83702,6,17.15,18.01,2026-03-24T12:00:00Z,2026-03-27T12:00:00Z,WH-IL-01
SHP-00105,ORD-00105,790000000105,FedEx,Ground,91761,85004,2,3.05,3.81,2026-03-24T06:00:00Z,2026-03-26T06:00:00Z,WH-CA-01
SHP-00106,ORD-00106,1Z7000000000000106,UPS,Ground,91761,90014,2,34.65,39.85,2026-03-23T18:00:00Z,2026-03-25T18:00:00Z,WH-CA-01
SHP-00107,ORD-00107,790000000107,FedEx,Ground,91761,94103,2,4.45,6.45,2026-03-24T06:00:00Z,2026-03-26T06:00:00Z,WH-CA-01
SHP-00108,ORD-00108,1Z7000000000000108,UPS,2Day,91761,98101,2,26.15,37.92,2026-03-24T04:00:00Z,2026-03-26T04:00:00Z,WH-CA-01
SHP-00109,ORD-00109,790000000109,FedEx,2Day,91761,10001,8,10.35,10.87,2026-03-24T10:00:00Z,2026-03-26T10:00:00Z,WH-CA-01
SHP-00110,ORD-00110,1Z7000000000000110,UPS,Overnight,08817,02108,2,1.15,1.90,2026-03-24T20:00:00Z,2026-03-25T20:00:00Z,WH-NJ-01
SHP-00111,ORD-00111,790000000111,FedEx,Ground,60431,19103,5,1.45,1.67,2026-03-24T19:00:00Z,2026-03-27T19:00:00Z,WH-IL-01
SHP-00112,ORD-00112,1Z7000000000000112,UPS,Ground,60431,33101,4,2.85,2.99,2026-03-25T19:00:00Z,2026-03-28T19:00:00Z,WH-IL-01
SHP-00113,ORD-00113,790000000113,FedEx,Ground,91761,30303,6,4.65,7.21,2026-03-26T12:00:00Z,2026-03-30T12:00:00Z,WH-CA-01
SHP-00114,ORD-00114,1Z7000000000000114,UPS,Ground,60431,28202,4,10.35,11.90,2026-03-25T13:00:00Z,2026-03-28T13:00:00Z,WH-IL-01
SHP-00115,ORD-00115,790000000115,FedEx,Ground,60431,75201,5,1.75,2.19,2026-03-25T20:00:00Z,2026-03-28T20:00:00Z,WH-IL-01
SHP-00116,ORD-00116,790000000116,FedEx,2Day,60431,77002,4,25.75,27.04,2026-03-26T00:00:00Z,2026-03-28T00:00:00Z,WH-IL-01
SHP-00117,ORD-00117,1Z7000000000000117,UPS,Ground,60431,60601,3,7.75,12.79,2026-03-27T06:00:00Z,2026-03-29T06:00:00Z,WH-IL-01
SHP-00118,ORD-00118,790000000118,FedEx,Ground,60431,55401,3,7.65,12.62,2026-03-26T06:00:00Z,2026-03-28T06:00:00Z,WH-IL-01
SHP-00119,ORD-00119,790000000119,FedEx,Ground,60431,43215,4,2.95,4.28,2026-03-26T12:00:00Z,2026-03-29T12:00:00Z,WH-IL-01
SHP-00120,ORD-00120,790000000120,FedEx,Ground,91761,80202,4,2.65,4.11,2026-03-27T09:00:00Z,2026-03-30T09:00:00Z,WH-CA-01
SHP-00121,ORD-00121,1Z7000000000000121,UPS,Ground,91761,84101,5,5.85,7.31,2026-03-27T03:00:00Z,2026-03-30T03:00:00Z,WH-CA-01
SHP-00122,ORD-00122,1Z7000000000000122,UPS,2Day,08817,83702,7,4.25,7.01,2026-03-27T06:00:00Z,2026-03-30T06:00:00Z,WH-NJ-01
SHP-00123,ORD-00123,790000000123,FedEx,Ground,91761,85004,3,10.55,17.41,2026-03-27T11:00:00Z,2026-03-29T11:00:00Z,WH-CA-01
SHP-00124,ORD-00124,1Z7000000000000124,UPS,Ground,91761,90014,2,5.35,8.29,2026-03-27T15:00:00Z,2026-03-29T15:00:00Z,WH-CA-01
SHP-00125,ORD-00125,1Z7000000000000125,UPS,Overnight,91761,94103,2,1.35,1.82,2026-03-27T20:00:00Z,2026-03-28T20:00:00Z,WH-CA-01
SHP-00126,ORD-00126,1Z7000000000000126,UPS,Ground,91761,98101,2,4.15,6.02,2026-03-28T02:00:00Z,2026-03-30T02:00:00Z,WH-CA-01
SHP-00127,ORD-00127,1Z7000000000000127,UPS,2Day,08817,10001,2,3.45,5.00,2026-03-28T07:00:00Z,2026-03-30T07:00:00Z,WH-NJ-01
SHP-00128,ORD-00128,1Z7000000000000128,UPS,2Day,08817,02108,3,19.85,20.84,2026-03-28T13:00:00Z,2026-03-30T13:00:00Z,WH-NJ-01
SHP-00129,ORD-00129,790000000129,FedEx,Ground,08817,19103,2,1.15,1.32,2026-03-28T13:00:00Z,2026-03-30T13:00:00Z,WH-NJ-01
SHP-00130,ORD-00130,1Z7000000000000130,UPS,Ground,08817,33101,4,10.25,15.89,2026-03-29T10:00:00Z,2026-04-01T10:00:00Z,WH-NJ-01
SHP-00131,ORD-00131,1Z7000000000000131,UPS,Ground,08817,30303,5,8.95,10.29,2026-03-29T16:00:00Z,2026-04-01T16:00:00Z,WH-NJ-01
SHP-00132,ORD-00132,790000000132,FedEx,2Day,91761,28202,6,9.05,12.22,2026-03-29T21:00:00Z,2026-03-31T21:00:00Z,WH-CA-01
SHP-00133,ORD-00133,790000000133,FedEx,2Day,08817,75201,4,1.55,2.40,2026-03-30T03:00:00Z,2026-04-01T03:00:00Z,WH-NJ-01
SHP-00134,ORD-00134,1Z7000000000000134,UPS,Ground,08817,77002,4,7.25,11.96,2026-03-30T09:00:00Z,2026-04-02T09:00:00Z,WH-NJ-01
SHP-00135,ORD-00135,790000000135,FedEx,Ground,60431,60601,3,8.75,14.44,2026-03-30T13:00:00Z,2026-04-01T13:00:00Z,WH-IL-01
SHP-00136,ORD-00136,1Z7000000000000136,UPS,Ground,60431,55401,3,2.95,4.57,2026-03-30T07:00:00Z,2026-04-01T07:00:00Z,WH-IL-01
SHP-00137,ORD-00137,790000000137,FedEx,Ground,60431,43215,4,25.75,27.04,2026-03-31T11:00:00Z,2026-04-03T11:00:00Z,WH-IL-01
SHP-00138,ORD-00138,790000000138,FedEx,2Day,08817,80202,6,7.55,12.46,2026-03-31T14:00:00Z,2026-04-02T14:00:00Z,WH-NJ-01
SHP-00139,ORD-00139,1Z7000000000000139,UPS,Ground,60431,84101,5,2.35,2.70,2026-03-30T15:00:00Z,2026-04-02T15:00:00Z,WH-IL-01
SHP-00140,ORD-00140,1Z7000000000000140,UPS,Ground,60431,83702,6,8.15,11.82,2026-03-31T00:00:00Z,2026-04-05T00:00:00Z,WH-IL-01
SHP-00141,ORD-00141,790000000141,FedEx,Ground,91761,85004,2,14.25,16.39,2026-03-31T17:00:00Z,2026-04-02T17:00:00Z,WH-CA-01
SHP-00142,ORD-00142,790000000142,FedEx,Overnight,60431,90014,7,19.95,28.93,2026-04-01T11:00:00Z,2026-04-02T11:00:00Z,WH-IL-01
SHP-00143,ORD-00143,1Z7000000000000143,UPS,Ground,91761,94103,3,1.85,3.05,2026-03-31T12:00:00Z,2026-04-02T12:00:00Z,WH-CA-01
SHP-00144,ORD-00144,1Z7000000000000144,UPS,2Day,91761,98101,2,1.85,2.50,2026-03-31T19:00:00Z,2026-04-02T19:00:00Z,WH-CA-01
SHP-00145,ORD-00145,790000000145,FedEx,Ground,08817,10001,2,14.45,20.95,2026-03-31T21:00:00Z,2026-04-02T21:00:00Z,WH-NJ-01
SHP-00146,ORD-00146,790000000146,FedEx,Ground,60431,02108,4,10.05,13.57,2026-04-01T08:00:00Z,2026-04-04T08:00:00Z,WH-IL-01
SHP-00147,ORD-00147,1Z7000000000000147,UPS,Ground,08817,19103,3,1.95,2.63,2026-04-01T09:00:00Z,2026-04-03T09:00:00Z,WH-NJ-01
SHP-00148,ORD-00148,790000000148,FedEx,Ground,60431,33101,4,7.45,9.31,2026-04-01T12:00:00Z,2026-04-04T12:00:00Z,WH-IL-01
SHP-00149,ORD-00149,790000000149,FedEx,Overnight,60431,30303,4,5.65,8.19,2026-04-01T22:00:00Z,2026-04-02T22:00:00Z,WH-IL-01
SHP-00150,ORD-00150,790000000150,FedEx,Ground,60431,28202,4,3.15,4.88,2026-04-02T16:00:00Z,2026-04-05T16:00:00Z,WH-IL-01
SHP-00151,ORD-00151,1Z7000000000000151,UPS,Ground,60431,75201,4,10.25,11.79,2026-04-02T19:00:00Z,2026-04-05T19:00:00Z,WH-IL-01
SHP-00152,ORD-00152,790000000152,FedEx,Ground,91761,77002,6,2.05,3.38,2026-04-02T15:00:00Z,2026-04-06T15:00:00Z,WH-CA-01
SHP-00153,ORD-00153,1Z7000000000000153,UPS,Ground,60431,60601,3,5.25,8.66,2026-04-02T15:00:00Z,2026-04-04T15:00:00Z,WH-IL-01
SHP-00154,ORD-00154,1Z7000000000000154,UPS,Ground,60431,55401,4,3.05,3.81,2026-04-03T13:00:00Z,2026-04-06T13:00:00Z,WH-IL-01
SHP-00155,ORD-00155,1Z7000000000000155,UPS,Ground,60431,43215,3,33.95,45.83,2026-04-03T00:00:00Z,2026-04-05T00:00:00Z,WH-IL-01
SHP-00156,ORD-00156,1Z7000000000000156,UPS,Ground,08817,80202,6,3.55,5.50,2026-04-03T08:00:00Z,2026-04-07T08:00:00Z,WH-NJ-01
SHP-00157,ORD-00157,790000000157,FedEx,Ground,60431,84101,6,26.05,27.35,2026-04-03T11:00:00Z,2026-04-07T11:00:00Z,WH-IL-01
SHP-00158,ORD-00158,790000000158,FedEx,2Day,91761,83702,5,7.55,10.19,2026-04-03T16:00:00Z,2026-04-06T16:00:00Z,WH-CA-01
SHP-00159,ORD-00159,1Z7000000000000159,UPS,Ground,60431,85004,8,2.75,3.71,2026-04-03T20:00:00Z,2026-04-07T20:00:00Z,WH-IL-01
SHP-00160,ORD-00160,1Z7000000000000160,UPS,Ground,91761,90014,2,9.05,13.12,2026-04-04T03:00:00Z,2026-04-06T03:00:00Z,WH-CA-01
SHP-00161,ORD-00161,1Z7000000000000161,UPS,2Day,08817,94103,8,5.25,6.04,2026-04-04T07:00:00Z,2026-04-06T07:00:00Z,WH-NJ-01
SHP-00162,ORD-00162,790000000162,FedEx,Overnight,60431,98101,8,5.35,6.15,2026-04-05T17:00:00Z,2026-04-06T17:00:00Z,WH-IL-01
SHP-00163,ORD-00163,1Z7000000000000163,UPS,Ground,08817,10001,3,9.15,11.44,2026-04-04T20:00:00Z,2026-04-06T20:00:00Z,WH-NJ-01
SHP-00164,ORD-00164,1Z7000000000000164,UPS,2Day,08817,02108,2,14.75,18.44,2026-04-04T23:00:00Z,2026-04-06T23:00:00Z,WH-NJ-01
SHP-00165,ORD-00165,790000000165,FedEx,Ground,60431,19103,4,2.25,3.04,2026-04-05T02:00:00Z,2026-04-08T02:00:00Z,WH-IL-01
SHP-00166,ORD-00166,1Z7000000000000166,UPS,Ground,91761,33101,6,3.65,3.83,2026-04-05T08:00:00Z,2026-04-09T08:00:00Z,WH-CA-01
SHP-00167,ORD-00167,790000000167,FedEx,Ground,08817,30303,4,1.55,1.94,2026-04-05T13:00:00Z,2026-04-08T13:00:00Z,WH-NJ-01
SHP-00168,ORD-00168,790000000168,FedEx,Ground,60431,28202,4,1.65,1.90,2026-04-05T23:00:00Z,2026-04-08T23:00:00Z,WH-IL-01
SHP-00169,ORD-00169,790000000169,FedEx,Ground,91761,75201,6,1.55,2.40,2026-04-05T23:00:00Z,2026-04-09T23:00:00Z,WH-CA-01
SHP-00170,ORD-00170,1Z7000000000000170,UPS,Ground,91761,77002,7,9.45,14.65,2026-04-06T03:00:00Z,2026-04-10T03:00:00Z,WH-CA-01
SHP-00171,ORD-00171,790000000171,FedEx,Ground,91761,60601,7,11.85,17.18,2026-04-06T10:00:00Z,2026-04-10T10:00:00Z,WH-CA-01
SHP-00172,ORD-00172,1Z7000000000000172,UPS,Overnight,60431,55401,4,1.65,1.90,2026-04-07T04:00:00Z,2026-04-08T04:00:00Z,WH-IL-01
SHP-00173,ORD-00173,1Z7000000000000173,UPS,Ground,60431,43215,3,11.85,19.55,2026-04-06T23:00:00Z,2026-04-08T23:00:00Z,WH-IL-01
SHP-00174,ORD-00174,790000000174,FedEx,Ground,91761,80202,5,5.35,7.22,2026-04-07T00:00:00Z,2026-04-10T00:00:00Z,WH-CA-01
SHP-00175,ORD-00175,790000000175,FedEx,Ground,91761,84101,4,2.85,4.13,2026-04-07T10:00:00Z,2026-04-10T10:00:00Z,WH-CA-01
SHP-00176,ORD-00176,790000000176,FedEx,Ground,60431,83702,7,15.25,25.16,2026-04-07T10:00:00Z,2026-04-12T10:00:00Z,WH-IL-01
SHP-00177,ORD-00177,1Z7000000000000177,UPS,Ground,91761,85004,3,7.35,9.92,2026-04-07T20:00:00Z,2026-04-09T20:00:00Z,WH-CA-01
SHP-00178,ORD-00178,790000000178,FedEx,Overnight,91761,90014,3,3.95,6.52,2026-04-08T00:00:00Z,2026-04-09T00:00:00Z,WH-CA-01
SHP-00179,ORD-00179,1Z7000000000000179,UPS,Ground,91761,94103,2,3.35,3.85,2026-04-08T02:00:00Z,2026-04-10T02:00:00Z,WH-CA-01
SHP-00180,ORD-00180,1Z7000000000000180,UPS,Ground,91761,98101,2,3.15,4.25,2026-04-08T11:00:00Z,2026-04-10T11:00:00Z,WH-CA-01
SHP-00181,ORD-00181,1Z7000000000000181,UPS,Ground,08817,10001,2,8.75,12.69,2026-04-09T16:00:00Z,2026-04-11T16:00:00Z,WH-NJ-01
SHP-00182,ORD-00182,1Z7000000000000182,UPS,Ground,08817,02108,3,1.55,1.94,2026-04-09T19:00:00Z,2026-04-11T19:00:00Z,WH-NJ-01
SHP-00183,ORD-00183,790000000183,FedEx,Ground,08817,19103,2,4.45,4.67,2026-04-09T02:00:00Z,2026-04-11T02:00:00Z,WH-NJ-01
SHP-00184,ORD-00184,790000000184,FedEx,2Day,91761,33101,7,5.25,8.66,2026-04-09T17:00:00Z,2026-04-11T17:00:00Z,WH-CA-01
SHP-00185,ORD-00185,790000000185,FedEx,2Day,60431,30303,4,4.05,4.66,2026-04-09T05:00:00Z,2026-04-11T05:00:00Z,WH-IL-01
SHP-00186,ORD-00186,790000000186,FedEx,Ground,08817,28202,4,7.55,8.68,2026-04-09T15:00:00Z,2026-04-12T15:00:00Z,WH-NJ-01
SHP-00187,ORD-00187,1Z7000000000000187,UPS,Ground,60431,75201,4,9.45,12.76,2026-04-10T10:00:00Z,2026-04-13T10:00:00Z,WH-IL-01
SHP-00188,ORD-00188,790000000188,FedEx,Ground,60431,77002,4,5.55,9.16,2026-04-09T23:00:00Z,2026-04-12T23:00:00Z,WH-IL-01
SHP-00189,ORD-00189,1Z7000000000000189,UPS,2Day,60431,60601,3,14.35,23.68,2026-04-10T17:00:00Z,2026-04-12T17:00:00Z,WH-IL-01
SHP-00190,ORD-00190,790000000190,FedEx,Ground,60431,55401,3,2.65,2.78,2026-04-10T13:00:00Z,2026-04-12T13:00:00Z,WH-IL-01
SHP-00191,ORD-00191,790000000191,FedEx,Ground,60431,43215,3,4.55,6.60,2026-04-11T03:00:00Z,2026-04-13T03:00:00Z,WH-IL-01
SHP-00192,ORD-00192,790000000192,FedEx,Ground,91761,80202,5,5.35,6.15,2026-04-10T19:00:00Z,2026-04-13T19:00:00Z,WH-CA-01
SHP-00193,ORD-00193,1Z7000000000000193,UPS,2Day,08817,84101,7,3.15,3.62,2026-04-12T04:00:00Z,2026-04-14T04:00:00Z,WH-NJ-01
SHP-00194,ORD-00194,1Z7000000000000194,UPS,Overnight,60431,83702,7,7.95,8.35,2026-04-11T04:00:00Z,2026-04-12T04:00:00Z,WH-IL-01
SHP-00195,ORD-00195,790000000195,FedEx,2Day,91761,85004,2,10.05,11.56,2026-04-11T10:00:00Z,2026-04-13T10:00:00Z,WH-CA-01
SHP-00196,ORD-00196,1Z7000000000000196,UPS,2Day,91761,90014,3,4.15,6.85,2026-04-11T15:00:00Z,2026-04-13T15:00:00Z,WH-CA-01
SHP-00197,ORD-00197,1Z7000000000000197,UPS,Ground,91761,94103,3,9.45,10.87,2026-04-12T00:00:00Z,2026-04-14T00:00:00Z,WH-CA-01
SHP-00198,ORD-00198,790000000198,FedEx,Ground,91761,98101,2,28.55,41.40,2026-04-12T02:00:00Z,2026-04-14T02:00:00Z,WH-CA-01
SHP-00199,ORD-00199,1Z7000000000000199,UPS,Ground,08817,10001,2,10.05,15.58,2026-04-12T20:00:00Z,2026-04-14T20:00:00Z,WH-NJ-01
SHP-00200,ORD-00200,1Z7000000000000200,UPS,Ground,60431,02108,4,21.55,24.78,2026-04-12T14:00:00Z,2026-04-15T14:00:00Z,WH-IL-01
SHP-00201,ORD-00201,1Z7000000000000201,UPS,Ground,08817,19103,2,7.85,11.38,2026-04-12T17:00:00Z,2026-04-14T17:00:00Z,WH-NJ-01
SHP-00202,ORD-00202,1Z7000000000000202,UPS,Ground,60431,33101,5,9.15,11.44,2026-04-13T01:00:00Z,2026-04-16T01:00:00Z,WH-IL-01
SHP-00203,ORD-00203,1Z7000000000000203,UPS,Ground,08817,30303,5,5.65,6.50,2026-04-14T05:00:00Z,2026-04-17T05:00:00Z,WH-NJ-01
SHP-00204,ORD-00204,1Z7000000000000204,UPS,Ground,60431,28202,4,11.85,14.81,2026-04-13T10:00:00Z,2026-04-16T10:00:00Z,WH-IL-01
SHP-00205,ORD-00205,1Z7000000000000205,UPS,Ground,60431,75201,4,5.45,7.90,2026-04-13T11:00:00Z,2026-04-16T11:00:00Z,WH-IL-01
SHP-00206,ORD-00206,790000000206,FedEx,Ground,60431,77002,5,10.05,12.56,2026-04-14T09:00:00Z,2026-04-17T09:00:00Z,WH-IL-01
SHP-00207,ORD-00207,1Z7000000000000207,UPS,Ground,60431,60601,3,5.35,8.83,2026-04-13T21:00:00Z,2026-04-15T21:00:00Z,WH-IL-01
SHP-00208,ORD-00208,790000000208,FedEx,Ground,60431,55401,3,1.05,1.63,2026-04-14T05:00:00Z,2026-04-16T05:00:00Z,WH-IL-01
SHP-00209,ORD-00209,1Z7000000000000209,UPS,Ground,60431,43215,4,3.45,5.00,2026-04-14T05:00:00Z,2026-04-17T05:00:00Z,WH-IL-01
SHP-00210,ORD-00210,1Z7000000000000210,UPS,Ground,91761,80202,4,5.45,7.36,2026-04-14T13:00:00Z,2026-04-17T13:00:00Z,WH-CA-01
SHP-00211,ORD-00211,790000000211,FedEx,Ground,91761,84101,4,7.95,13.12,2026-04-14T20:00:00Z,2026-04-17T20:00:00Z,WH-CA-01
SHP-00212,ORD-00212,790000000212,FedEx,Overnight,91761,83702,5,5.45,5.72,2026-04-15T00:00:00Z,2026-04-16T00:00:00Z,WH-CA-01
SHP-00213,ORD-00213,1Z7000000000000213,UPS,Ground,91761,85004,2,1.45,1.52,2026-04-15T05:00:00Z,2026-04-17T05:00:00Z,WH-CA-01
SHP-00214,ORD-00214,790000000214,FedEx,Ground,91761,90014,2,8.85,13.72,2026-04-15T23:00:00Z,2026-04-17T23:00:00Z,WH-CA-01
SHP-00215,ORD-00215,1Z7000000000000215,UPS,Ground,91761,94103,3,2.45,2.82,2026-04-15T16:00:00Z,2026-04-17T16:00:00Z,WH-CA-01
SHP-00216,ORD-00216,1Z7000000000000216,UPS,Ground,60431,98101,8,26.25,27.56,2026-04-15T16:00:00Z,2026-04-19T16:00:00Z,WH-IL-01
SHP-00217,ORD-00217,790000000217,FedEx,Ground,08817,10001,2,2.25,3.26,2026-04-16T14:00:00Z,2026-04-18T14:00:00Z,WH-NJ-01
SHP-00218,ORD-00218,1Z7000000000000218,UPS,Ground,08817,02108,3,14.55,22.55,2026-04-16T06:00:00Z,2026-04-18T06:00:00Z,WH-NJ-01
SHP-00219,ORD-00219,1Z7000000000000219,UPS,Ground,08817,19103,2,8.95,13.87,2026-04-16T07:00:00Z,2026-04-18T07:00:00Z,WH-NJ-01
SHP-00220,ORD-00220,1Z7000000000000220,UPS,Ground,91761,33101,7,11.65,13.40,2026-04-17T16:00:00Z,2026-04-21T16:00:00Z,WH-CA-01
SHP-00221,ORD-00221,790000000221,FedEx,Ground,60431,30303,4,1.25,1.44,2026-04-17T12:00:00Z,2026-04-20T12:00:00Z,WH-IL-01
SHP-00222,ORD-00222,1Z7000000000000222,UPS,Ground,08817,28202,5,1.85,2.13,2026-04-16T22:00:00Z,2026-04-19T22:00:00Z,WH-NJ-01
SHP-00223,ORD-00223,790000000223,FedEx,Ground,08817,75201,4,4.55,6.60,2026-04-17T09:00:00Z,2026-04-20T09:00:00Z,WH-NJ-01
SHP-00224,ORD-00224,1Z7000000000000224,UPS,Ground,08817,77002,4,3.95,6.52,2026-04-18T13:00:00Z,2026-04-21T13:00:00Z,WH-NJ-01
SHP-00225,ORD-00225,1Z7000000000000225,UPS,Ground,60431,60601,3,28.45,32.72,2026-04-17T15:00:00Z,2026-04-19T15:00:00Z,WH-IL-01
SHP-00226,ORD-00226,1Z7000000000000226,UPS,Overnight,08817,55401,4,7.35,9.19,2026-04-17T19:00:00Z,2026-04-18T19:00:00Z,WH-NJ-01
SHP-00227,ORD-00227,790000000227,FedEx,Ground,60431,43215,3,1.45,2.25,2026-04-18T02:00:00Z,2026-04-20T02:00:00Z,WH-IL-01
SHP-00228,ORD-00228,1Z7000000000000228,UPS,Ground,60431,80202,6,14.95,23.17,2026-04-18T05:00:00Z,2026-04-22T05:00:00Z,WH-IL-01
SHP-00229,ORD-00229,1Z7000000000000229,UPS,Ground,91761,84101,4,3.25,5.04,2026-04-18T16:00:00Z,2026-04-21T16:00:00Z,WH-CA-01
SHP-00230,ORD-00230,790000000230,FedEx,Ground,60431,83702,7,4.45,7.34,2026-04-19T19:00:00Z,2026-04-24T19:00:00Z,WH-IL-01
SHP-00231,ORD-00231,1Z7000000000000231,UPS,2Day,91761,85004,2,15.05,24.83,2026-04-18T23:00:00Z,2026-04-20T23:00:00Z,WH-CA-01
SHP-00232,ORD-00232,1Z7000000000000232,UPS,Ground,91761,90014,3,4.25,4.46,2026-04-19T07:00:00Z,2026-04-21T07:00:00Z,WH-CA-01
SHP-00233,ORD-00233,790000000233,FedEx,Ground,91761,94103,2,10.55,16.35,2026-04-20T00:00:00Z,2026-04-22T00:00:00Z,WH-CA-01
SHP-00234,ORD-00234,1Z7000000000000234,UPS,Ground,91761,98101,2,5.75,9.49,2026-04-20T03:00:00Z,2026-04-22T03:00:00Z,WH-CA-01
SHP-00235,ORD-00235,790000000235,FedEx,Ground,08817,10001,3,8.05,10.06,2026-04-19T19:00:00Z,2026-04-21T19:00:00Z,WH-NJ-01
SHP-00236,ORD-00236,1Z7000000000000236,UPS,2Day,08817,02108,2,1.75,2.36,2026-04-20T00:00:00Z,2026-04-22T00:00:00Z,WH-NJ-01
SHP-00237,ORD-00237,1Z7000000000000237,UPS,Overnight,08817,19103,2,9.45,9.92,2026-04-21T08:00:00Z,2026-04-22T08:00:00Z,WH-NJ-01
SHP-00238,ORD-00238,1Z7000000000000238,UPS,Ground,91761,33101,6,1.55,1.63,2026-04-20T09:00:00Z,2026-04-24T09:00:00Z,WH-CA-01
SHP-00239,ORD-00239,790000000239,FedEx,2Day,08817,30303,4,14.75,16.96,2026-04-21T04:00:00Z,2026-04-23T04:00:00Z,WH-NJ-01
SHP-00240,ORD-00240,790000000240,FedEx,2Day,60431,28202,4,5.55,5.83,2026-04-20T21:00:00Z,2026-04-22T21:00:00Z,WH-IL-01
