external_shipment_id,tracking_number,event_type,event_time,location,raw_row_ref
SHP-00001,1Z7000000000000001,label_created,2026-03-01T21:00:00Z,"Joliet, IL",EVT-000001
SHP-00001,1Z7000000000000001,picked_up,2026-03-02T03:00:00Z,"Joliet, IL",EVT-000002
SHP-00001,1Z7000000000000001,in_transit,2026-03-03T15:00:00Z,Zone 4 network,EVT-000003
SHP-00001,1Z7000000000000001,delivered,2026-03-05T03:00:00Z,"New York, NY",EVT-000004
SHP-00002,1Z7000000000000002,label_created,2026-03-01T23:00:00Z,"Edison, NJ",EVT-000005
SHP-00002,1Z7000000000000002,picked_up,2026-03-02T05:00:00Z,"Edison, NJ",EVT-000006
SHP-00002,1Z7000000000000002,in_transit,2026-03-03T05:00:00Z,Zone 2 network,EVT-000007
SHP-00002,1Z7000000000000002,delivered,2026-03-04T05:00:00Z,"Boston, MA",EVT-000008
SHP-00003,790000000003,label_created,2026-03-02T05:00:00Z,"Edison, NJ",EVT-000009
SHP-00003,790000000003,picked_up,2026-03-02T11:00:00Z,"Edison, NJ",EVT-000010
SHP-00003,790000000003,in_transit,2026-03-03T11:00:00Z,Zone 2 network,EVT-000011
SHP-00003,790000000003,delivered,2026-03-04T11:00:00Z,"Philadelphia, PA",EVT-000012
SHP-00004,1Z7000000000000004,label_created,2026-03-02T12:00:00Z,"Joliet, IL",EVT-000013
SHP-00004,1Z7000000000000004,picked_up,2026-03-02T18:00:00Z,"Joliet, IL",EVT-000014
SHP-00004,1Z7000000000000004,in_transit,2026-03-03T18:00:00Z,Zone 4 network,EVT-000015
SHP-00004,1Z7000000000000004,delivered,2026-03-04T18:00:00Z,"Miami, FL",EVT-000016
SHP-00005,790000000005,label_created,2026-03-02T12:00:00Z,"Joliet, IL",EVT-000017
SHP-00005,790000000005,picked_up,2026-03-02T18:00:00Z,"Joliet, IL",EVT-000018
SHP-00005,790000000005,in_transit,2026-03-04T06:00:00Z,Zone 4 network,EVT-000019
SHP-00005,790000000005,delivered,2026-03-05T18:00:00Z,"Atlanta, GA",EVT-000020
SHP-00006,1Z7000000000000006,label_created,2026-03-02T17:00:00Z,"Edison, NJ",EVT-000021
SHP-00006,1Z7000000000000006,picked_up,2026-03-02T23:00:00Z,"Edison, NJ",EVT-000022
SHP-00006,1Z7000000000000006,in_transit,2026-03-03T23:00:00Z,Zone 4 network,EVT-000023
SHP-00006,1Z7000000000000006,delivered,2026-03-04T23:00:00Z,"Charlotte, NC",EVT-000024
SHP-00007,1Z7000000000000007,label_created,2026-03-02T22:00:00Z,"Ontario, CA",EVT-000025
SHP-00007,1Z7000000000000007,picked_up,2026-03-03T04:00:00Z,"Ontario, CA",EVT-000026
SHP-00007,1Z7000000000000007,in_transit,2026-03-05T04:00:00Z,Zone 6 network,EVT-000027
SHP-00007,1Z7000000000000007,delivered,2026-03-07T04:00:00Z,"Dallas, TX",EVT-000028
SHP-00008,1Z7000000000000008,label_created,2026-03-03T08:00:00Z,"Edison, NJ",EVT-000029
SHP-00008,1Z7000000000000008,picked_up,2026-03-03T14:00:00Z,"Edison, NJ",EVT-000030
SHP-00008,1Z7000000000000008,in_transit,2026-03-05T02:00:00Z,Zone 4 network,EVT-000031
SHP-00008,1Z7000000000000008,delivered,2026-03-06T14:00:00Z,"Houston, TX",EVT-000032
SHP-00009,790000000009,label_created,2026-03-03T08:00:00Z,"Joliet, IL",EVT-000033
SHP-00009,790000000009,picked_up,2026-03-03T14:00:00Z,"Joliet, IL",EVT-000034
SHP-00009,790000000009,in_transit,2026-03-04T14:00:00Z,Zone 3 network,EVT-000035
SHP-00009,790000000009,delivered,2026-03-05T14:00:00Z,"Chicago, IL",EVT-000036
SHP-00010,1Z7000000000000010,label_created,2026-03-03T19:00:00Z,"Joliet, IL",EVT-000037
SHP-00010,1Z7000000000000010,picked_up,2026-03-04T01:00:00Z,"Joliet, IL",EVT-000038
SHP-00010,1Z7000000000000010,in_transit,2026-03-05T01:00:00Z,Zone 3 network,EVT-000039
SHP-00010,1Z7000000000000010,delivered,2026-03-06T01:00:00Z,"Minneapolis, MN",EVT-000040
SHP-00011,1Z7000000000000011,label_created,2026-03-03T18:00:00Z,"Joliet, IL",EVT-000041
SHP-00011,1Z7000000000000011,picked_up,2026-03-04T00:00:00Z,"Joliet, IL",EVT-000042
SHP-00011,1Z7000000000000011,in_transit,2026-03-05T12:00:00Z,Zone 4 network,EVT-000043
SHP-00011,1Z7000000000000011,delivered,2026-03-07T00:00:00Z,"Columbus, OH",EVT-000044
SHP-00012,790000000012,label_created,2026-03-04T02:00:00Z,"Joliet, IL",EVT-000045
SHP-00012,790000000012,picked_up,2026-03-04T08:00:00Z,"Joliet, IL",EVT-000046
SHP-00012,790000000012,in_transit,2026-03-06T08:00:00Z,Zone 6 network,EVT-000047
SHP-00012,790000000012,delivered,2026-03-08T08:00:00Z,"Denver, CO",EVT-000048
SHP-00013,790000000013,label_created,2026-03-04T04:00:00Z,"Ontario, CA",EVT-000049
SHP-00013,790000000013,picked_up,2026-03-04T10:00:00Z,"Ontario, CA",EVT-000050
SHP-00013,790000000013,in_transit,2026-03-05T22:00:00Z,Zone 4 network,EVT-000051
SHP-00013,790000000013,delivered,2026-03-07T10:00:00Z,"Salt Lake City, UT",EVT-000052
SHP-00014,1Z7000000000000014,label_created,2026-03-04T11:00:00Z,"Joliet, IL",EVT-000053
SHP-00014,1Z7000000000000014,picked_up,2026-03-04T17:00:00Z,"Joliet, IL",EVT-000054
SHP-00014,1Z7000000000000014,in_transit,2026-03-07T05:00:00Z,Zone 7 network,EVT-000055
SHP-00014,1Z7000000000000014,delivered,2026-03-09T17:00:00Z,"Boise, ID",EVT-000056
SHP-00015,1Z7000000000000015,label_created,2026-03-04T14:00:00Z,"Ontario, CA",EVT-000057
SHP-00015,1Z7000000000000015,picked_up,2026-03-04T20:00:00Z,"Ontario, CA",EVT-000058
SHP-00015,1Z7000000000000015,in_transit,2026-03-05T20:00:00Z,Zone 3 network,EVT-000059
SHP-00015,1Z7000000000000015,delivered,2026-03-06T20:00:00Z,"Phoenix, AZ",EVT-000060
SHP-00016,790000000016,label_created,2026-03-05T01:00:00Z,"Ontario, CA",EVT-000061
SHP-00016,790000000016,picked_up,2026-03-05T07:00:00Z,"Ontario, CA",EVT-000062
SHP-00016,790000000016,in_transit,2026-03-05T19:00:00Z,Zone 3 network,EVT-000063
SHP-00016,790000000016,delivered,2026-03-06T07:00:00Z,"Los Angeles, CA",EVT-000064
SHP-00017,790000000017,label_created,2026-03-05T06:00:00Z,"Ontario, CA",EVT-000065
SHP-00017,790000000017,picked_up,2026-03-05T12:00:00Z,"Ontario, CA",EVT-000066
SHP-00017,790000000017,in_transit,2026-03-06T12:00:00Z,Zone 2 network,EVT-000067
SHP-00017,790000000017,delivered,2026-03-07T12:00:00Z,"San Francisco, CA",EVT-000068
SHP-00018,790000000018,label_created,2026-03-05T04:00:00Z,"Ontario, CA",EVT-000069
SHP-00018,790000000018,picked_up,2026-03-05T10:00:00Z,"Ontario, CA",EVT-000070
SHP-00018,790000000018,in_transit,2026-03-06T10:00:00Z,Zone 2 network,EVT-000071
SHP-00018,790000000018,delivered,2026-03-07T10:00:00Z,"Seattle, WA",EVT-000072
SHP-00019,790000000019,label_created,2026-03-06T02:00:00Z,"Edison, NJ",EVT-000073
SHP-00019,790000000019,picked_up,2026-03-06T08:00:00Z,"Edison, NJ",EVT-000074
SHP-00019,790000000019,in_transit,2026-03-07T08:00:00Z,Zone 2 network,EVT-000075
SHP-00019,790000000019,delivered,2026-03-08T08:00:00Z,"New York, NY",EVT-000076
SHP-00020,790000000020,label_created,2026-03-05T21:00:00Z,"Edison, NJ",EVT-000077
SHP-00020,790000000020,picked_up,2026-03-06T03:00:00Z,"Edison, NJ",EVT-000078
SHP-00020,790000000020,in_transit,2026-03-07T03:00:00Z,Zone 2 network,EVT-000079
SHP-00020,790000000020,delivered,2026-03-08T03:00:00Z,"Boston, MA",EVT-000080
SHP-00021,1Z7000000000000021,label_created,2026-03-06T02:00:00Z,"Edison, NJ",EVT-000081
SHP-00021,1Z7000000000000021,picked_up,2026-03-06T08:00:00Z,"Edison, NJ",EVT-000082
SHP-00021,1Z7000000000000021,in_transit,2026-03-07T08:00:00Z,Zone 2 network,EVT-000083
SHP-00021,1Z7000000000000021,delivered,2026-03-08T08:00:00Z,"Philadelphia, PA",EVT-000084
SHP-00022,1Z7000000000000022,label_created,2026-03-06T19:00:00Z,"Edison, NJ",EVT-000085
SHP-00022,1Z7000000000000022,picked_up,2026-03-07T01:00:00Z,"Edison, NJ",EVT-000086
SHP-00022,1Z7000000000000022,in_transit,2026-03-08T13:00:00Z,Zone 5 network,EVT-000087
SHP-00022,1Z7000000000000022,delivered,2026-03-10T01:00:00Z,"Miami, FL",EVT-000088
SHP-00023,790000000023,label_created,2026-03-06T05:00:00Z,"Edison, NJ",EVT-000089
SHP-00023,790000000023,picked_up,2026-03-06T11:00:00Z,"Edison, NJ",EVT-000090
SHP-00023,790000000023,in_transit,2026-03-07T23:00:00Z,Zone 5 network,EVT-000091
SHP-00023,790000000023,delivered,2026-03-09T11:00:00Z,"Atlanta, GA",EVT-000092
SHP-00024,1Z7000000000000024,label_created,2026-03-06T15:00:00Z,"Joliet, IL",EVT-000093
SHP-00024,1Z7000000000000024,picked_up,2026-03-06T21:00:00Z,"Joliet, IL",EVT-000094
SHP-00024,1Z7000000000000024,in_transit,2026-03-08T09:00:00Z,Zone 4 network,EVT-000095
SHP-00024,1Z7000000000000024,delivered,2026-03-09T21:00:00Z,"Charlotte, NC",EVT-000096
SHP-00025,1Z7000000000000025,label_created,2026-03-06T18:00:00Z,"Joliet, IL",EVT-000097
SHP-00025,1Z7000000000000025,picked_up,2026-03-07T00:00:00Z,"Joliet, IL",EVT-000098
SHP-00025,1Z7000000000000025,in_transit,2026-03-08T12:00:00Z,Zone 5 network,EVT-000099
SHP-00025,1Z7000000000000025,delivered,2026-03-10T00:00:00Z,"Dallas, TX",EVT-000100
SHP-00026,790000000026,label_created,2026-03-07T13:00:00Z,"Joliet, IL",EVT-000101
SHP-00026,790000000026,picked_up,2026-03-07T19:00:00Z,"Joliet, IL",EVT-000102
SHP-00026,790000000026,in_transit,2026-03-08T07:00:00Z,Zone 5 network,EVT-000103
SHP-00026,790000000026,delivered,2026-03-08T19:00:00Z,"Houston, TX",EVT-000104
SHP-00027,790000000027,label_created,2026-03-07T17:00:00Z,"Edison, NJ",EVT-000105
SHP-00027,790000000027,picked_up,2026-03-07T23:00:00Z,"Edison, NJ",EVT-000106
SHP-00027,790000000027,in_transit,2026-03-09T11:00:00Z,Zone 4 network,EVT-000107
SHP-00027,790000000027,delivered,2026-03-10T23:00:00Z,"Chicago, IL",EVT-000108
SHP-00028,1Z7000000000000028,label_created,2026-03-07T12:00:00Z,"Joliet, IL",EVT-000109
SHP-00028,1Z7000000000000028,picked_up,2026-03-07T18:00:00Z,"Joliet, IL",EVT-000110
SHP-00028,1Z7000000000000028,in_transit,2026-03-08T18:00:00Z,Zone 3 network,EVT-000111
SHP-00028,1Z7000000000000028,delivered,2026-03-09T18:00:00Z,"Minneapolis, MN",EVT-000112
SHP-00029,790000000029,label_created,2026-03-08T05:00:00Z,"Edison, NJ",EVT-000113
SHP-00029,790000000029,picked_up,2026-03-08T11:00:00Z,"Edison, NJ",EVT-000114
SHP-00029,790000000029,in_transit,2026-03-09T23:00:00Z,Zone 5 network,EVT-000115
SHP-00029,790000000029,delivered,2026-03-11T11:00:00Z,"Columbus, OH",EVT-000116
SHP-00030,1Z7000000000000030,label_created,2026-03-07T22:00:00Z,"Joliet, IL",EVT-000117
SHP-00030,1Z7000000000000030,picked_up,2026-03-08T04:00:00Z,"Joliet, IL",EVT-000118
SHP-00030,1Z7000000000000030,in_transit,2026-03-10T04:00:00Z,Zone 6 network,EVT-000119
SHP-00030,1Z7000000000000030,delivered,2026-03-12T04:00:00Z,"Denver, CO",EVT-000120
SHP-00031,1Z7000000000000031,label_created,2026-03-07T22:00:00Z,"Ontario, CA",EVT-000121
SHP-00031,1Z7000000000000031,picked_up,2026-03-08T04:00:00Z,"Ontario, CA",EVT-000122
SHP-00031,1Z7000000000000031,in_transit,2026-03-09T16:00:00Z,Zone 4 network,EVT-000123
SHP-00031,1Z7000000000000031,delivered,2026-03-11T04:00:00Z,"Salt Lake City, UT",EVT-000124
SHP-00032,790000000032,label_created,2026-03-08T18:00:00Z,"Joliet, IL",EVT-000125
SHP-00032,790000000032,picked_up,2026-03-09T00:00:00Z,"Joliet, IL",EVT-000126
SHP-00032,790000000032,in_transit,2026-03-11T12:00:00Z,Zone 6 network,EVT-000127
SHP-00032,790000000032,delivered,2026-03-14T00:00:00Z,"Boise, ID",EVT-000128
SHP-00033,790000000033,label_created,2026-03-08T12:00:00Z,"Ontario, CA",EVT-000129
SHP-00033,790000000033,picked_up,2026-03-08T18:00:00Z,"Ontario, CA",EVT-000130
SHP-00033,790000000033,in_transit,2026-03-09T18:00:00Z,Zone 2 network,EVT-000131
SHP-00033,790000000033,delivered,2026-03-10T18:00:00Z,"Phoenix, AZ",EVT-000132
SHP-00034,1Z7000000000000034,label_created,2026-03-08T12:00:00Z,"Ontario, CA",EVT-000133
SHP-00034,1Z7000000000000034,picked_up,2026-03-08T18:00:00Z,"Ontario, CA",EVT-000134
SHP-00034,1Z7000000000000034,in_transit,2026-03-09T18:00:00Z,Zone 2 network,EVT-000135
SHP-00034,1Z7000000000000034,delivered,2026-03-10T18:00:00Z,"Los Angeles, CA",EVT-000136
SHP-00035,790000000035,label_created,2026-03-09T00:00:00Z,"Ontario, CA",EVT-000137
SHP-00035,790000000035,picked_up,2026-03-09T06:00:00Z,"Ontario, CA",EVT-000138
SHP-00035,790000000035,in_transit,2026-03-09T18:00:00Z,Zone 2 network,EVT-000139
SHP-00035,790000000035,delivered,2026-03-10T06:00:00Z,"San Francisco, CA",EVT-000140
SHP-00036,1Z7000000000000036,label_created,2026-03-09T15:00:00Z,"Ontario, CA",EVT-000141
SHP-00036,1Z7000000000000036,picked_up,2026-03-09T21:00:00Z,"Ontario, CA",EVT-000142
SHP-00036,1Z7000000000000036,in_transit,2026-03-10T21:00:00Z,Zone 3 network,EVT-000143
SHP-00036,1Z7000000000000036,delivered,2026-03-11T21:00:00Z,"Seattle, WA",EVT-000144
SHP-00037,1Z7000000000000037,label_created,2026-03-09T08:00:00Z,"Edison, NJ",EVT-000145
SHP-00037,1Z7000000000000037,picked_up,2026-03-09T14:00:00Z,"Edison, NJ",EVT-000146
SHP-00037,1Z7000000000000037,in_transit,2026-03-10T14:00:00Z,Zone 3 network,EVT-000147
SHP-00037,1Z7000000000000037,delivered,2026-03-11T14:00:00Z,"New York, NY",EVT-000148
SHP-00038,1Z7000000000000038,label_created,2026-03-09T13:00:00Z,"Edison, NJ",EVT-000149
SHP-00038,1Z7000000000000038,picked_up,2026-03-09T19:00:00Z,"Edison, NJ",EVT-000150
SHP-00038,1Z7000000000000038,in_transit,2026-03-10T19:00:00Z,Zone 2 network,EVT-000151
SHP-00038,1Z7000000000000038,delivered,2026-03-11T19:00:00Z,"Boston, MA",EVT-000152
SHP-00039,1Z7000000000000039,label_created,2026-03-09T15:00:00Z,"Edison, NJ",EVT-000153
SHP-00039,1Z7000000000000039,picked_up,2026-03-09T21:00:00Z,"Edison, NJ",EVT-000154
SHP-00039,1Z7000000000000039,in_transit,2026-03-10T21:00:00Z,Zone 2 network,EVT-000155
SHP-00039,1Z7000000000000039,delivered,2026-03-11T21:00:00Z,"Philadelphia, PA",EVT-000156
SHP-00040,790000000040,label_created,2026-03-09T21:00:00Z,"Joliet, IL",EVT-000157
SHP-00040,790000000040,picked_up,2026-03-10T03:00:00Z,"Joliet, IL",EVT-000158
SHP-00040,790000000040,in_transit,2026-03-11T15:00:00Z,Zone 5 network,EVT-000159
SHP-00040,790000000040,delivered,2026-03-13T03:00:00Z,"Miami, FL",EVT-000160
SHP-00041,790000000041,label_created,2026-03-09T23:00:00Z,"Joliet, IL",EVT-000161
SHP-00041,790000000041,picked_up,2026-03-10T05:00:00Z,"Joliet, IL",EVT-000162
SHP-00041,790000000041,in_transit,2026-03-11T05:00:00Z,Zone 4 network,EVT-000163
SHP-00041,790000000041,delivered,2026-03-12T05:00:00Z,"Atlanta, GA",EVT-000164
SHP-00042,1Z7000000000000042,label_created,2026-03-10T06:00:00Z,"Edison, NJ",EVT-000165
SHP-00042,1Z7000000000000042,picked_up,2026-03-10T12:00:00Z,"Edison, NJ",EVT-000166
SHP-00042,1Z7000000000000042,in_transit,2026-03-12T00:00:00Z,Zone 4 network,EVT-000167
SHP-00042,1Z7000000000000042,delivered,2026-03-13T12:00:00Z,"Charlotte, NC",EVT-000168
SHP-00043,790000000043,label_created,2026-03-11T01:00:00Z,"Joliet, IL",EVT-000169
SHP-00043,790000000043,picked_up,2026-03-11T07:00:00Z,"Joliet, IL",EVT-000170
SHP-00043,790000000043,in_transit,2026-03-12T19:00:00Z,Zone 4 network,EVT-000171
SHP-00043,790000000043,delivered,2026-03-14T07:00:00Z,"Dallas, TX",EVT-000172
SHP-00044,790000000044,label_created,2026-03-10T19:00:00Z,"Joliet, IL",EVT-000173
SHP-00044,790000000044,picked_up,2026-03-11T01:00:00Z,"Joliet, IL",EVT-000174
SHP-00044,790000000044,in_transit,2026-03-12T13:00:00Z,Zone 4 network,EVT-000175
SHP-00044,790000000044,delivered,2026-03-14T01:00:00Z,"Houston, TX",EVT-000176
SHP-00045,1Z7000000000000045,label_created,2026-03-11T12:00:00Z,"Joliet, IL",EVT-000177
SHP-00045,1Z7000000000000045,picked_up,2026-03-11T18:00:00Z,"Joliet, IL",EVT-000178
SHP-00045,1Z7000000000000045,in_transit,2026-03-12T18:00:00Z,Zone 3 network,EVT-000179
SHP-00045,1Z7000000000000045,delivered,2026-03-13T18:00:00Z,"Chicago, IL",EVT-000180
SHP-00046,1Z7000000000000046,label_created,2026-03-11T17:00:00Z,"Joliet, IL",EVT-000181
SHP-00046,1Z7000000000000046,picked_up,2026-03-11T23:00:00Z,"Joliet, IL",EVT-000182
SHP-00046,1Z7000000000000046,in_transit,2026-03-12T23:00:00Z,Zone 3 network,EVT-000183
SHP-00046,1Z7000000000000046,delivered,2026-03-13T23:00:00Z,"Minneapolis, MN",EVT-000184
SHP-00047,790000000047,label_created,2026-03-11T06:00:00Z,"Ontario, CA",EVT-000185
SHP-00047,790000000047,picked_up,2026-03-11T12:00:00Z,"Ontario, CA",EVT-000186
SHP-00047,790000000047,in_transit,2026-03-13T12:00:00Z,Zone 8 network,EVT-000187
SHP-00047,790000000047,delivered,2026-03-15T12:00:00Z,"Columbus, OH",EVT-000188
SHP-00048,1Z7000000000000048,label_created,2026-03-11T17:00:00Z,"Ontario, CA",EVT-000189
SHP-00048,1Z7000000000000048,picked_up,2026-03-11T23:00:00Z,"Ontario, CA",EVT-000190
SHP-00048,1Z7000000000000048,in_transit,2026-03-13T11:00:00Z,Zone 5 network,EVT-000191
SHP-00048,1Z7000000000000048,delivered,2026-03-14T23:00:00Z,"Denver, CO",EVT-000192
SHP-00049,1Z7000000000000049,label_created,2026-03-11T15:00:00Z,"Edison, NJ",EVT-000193
SHP-00049,1Z7000000000000049,picked_up,2026-03-11T21:00:00Z,"Edison, NJ",EVT-000194
SHP-00049,1Z7000000000000049,in_transit,2026-03-13T21:00:00Z,Zone 6 network,EVT-000195
SHP-00049,1Z7000000000000049,delivered,2026-03-15T21:00:00Z,"Salt Lake City, UT",EVT-000196
SHP-00050,790000000050,label_created,2026-03-11T23:00:00Z,"Joliet, IL",EVT-000197
SHP-00050,790000000050,picked_up,2026-03-12T05:00:00Z,"Joliet, IL",EVT-000198
SHP-00050,790000000050,in_transit,2026-03-13T17:00:00Z,Zone 6 network,EVT-000199
SHP-00050,790000000050,delivered,2026-03-15T05:00:00Z,"Boise, ID",EVT-000200
SHP-00051,790000000051,label_created,2026-03-12T03:00:00Z,"Ontario, CA",EVT-000201
SHP-00051,790000000051,picked_up,2026-03-12T09:00:00Z,"Ontario, CA",EVT-000202
SHP-00051,790000000051,in_transit,2026-03-13T09:00:00Z,Zone 2 network,EVT-000203
SHP-00051,790000000051,delivered,2026-03-14T09:00:00Z,"Phoenix, AZ",EVT-000204
SHP-00052,1Z7000000000000052,label_created,2026-03-12T08:00:00Z,"Ontario, CA",EVT-000205
SHP-00052,1Z7000000000000052,picked_up,2026-03-12T14:00:00Z,"Ontario, CA",EVT-000206
SHP-00052,1Z7000000000000052,in_transit,2026-03-13T14:00:00Z,Zone 3 network,EVT-000207
SHP-00052,1Z7000000000000052,delivered,2026-03-14T14:00:00Z,"Los Angeles, CA",EVT-000208
SHP-00053,1Z7000000000000053,label_created,2026-03-12T17:00:00Z,"Ontario, CA",EVT-000209
SHP-00053,1Z7000000000000053,picked_up,2026-03-12T23:00:00Z,"Ontario, CA",EVT-000210
SHP-00053,1Z7000000000000053,in_transit,2026-03-13T23:00:00Z,Zone 2 network,EVT-000211
SHP-00053,1Z7000000000000053,delivered,2026-03-14T23:00:00Z,"San Francisco, CA",EVT-000212
SHP-00054,790000000054,label_created,2026-03-13T08:00:00Z,"Ontario, CA",EVT-000213
SHP-00054,790000000054,picked_up,2026-03-13T14:00:00Z,"Ontario, CA",EVT-000214
SHP-00054,790000000054,in_transit,2026-03-14T14:00:00Z,Zone 2 network,EVT-000215
SHP-00054,790000000054,delivered,2026-03-15T14:00:00Z,"Seattle, WA",EVT-000216
SHP-00055,790000000055,label_created,2026-03-13T02:00:00Z,"Joliet, IL",EVT-000217
SHP-00055,790000000055,picked_up,2026-03-13T08:00:00Z,"Joliet, IL",EVT-000218
SHP-00055,790000000055,in_transit,2026-03-13T20:00:00Z,Zone 4 network,EVT-000219
SHP-00055,790000000055,delivered,2026-03-14T08:00:00Z,"New York, NY",EVT-000220
SHP-00056,790000000056,label_created,2026-03-13T21:00:00Z,"Edison, NJ",EVT-000221
SHP-00056,790000000056,picked_up,2026-03-14T03:00:00Z,"Edison, NJ",EVT-000222
SHP-00056,790000000056,in_transit,2026-03-15T03:00:00Z,Zone 3 network,EVT-000223
SHP-00056,790000000056,delivered,2026-03-16T03:00:00Z,"Boston, MA",EVT-000224
SHP-00057,1Z7000000000000057,label_created,2026-03-13T14:00:00Z,"Joliet, IL",EVT-000225
SHP-00057,1Z7000000000000057,picked_up,2026-03-13T20:00:00Z,"Joliet, IL",EVT-000226
SHP-00057,1Z7000000000000057,in_transit,2026-03-14T08:00:00Z,Zone 5 network,EVT-000227
SHP-00057,1Z7000000000000057,delivered,2026-03-14T20:00:00Z,"Philadelphia, PA",EVT-000228
SHP-00058,790000000058,label_created,2026-03-13T17:00:00Z,"Joliet, IL",EVT-000229
SHP-00058,790000000058,picked_up,2026-03-13T23:00:00Z,"Joliet, IL",EVT-000230
SHP-00058,790000000058,in_transit,2026-03-14T23:00:00Z,Zone 4 network,EVT-000231
SHP-00058,790000000058,delivered,2026-03-15T23:00:00Z,"Miami, FL",EVT-000232
SHP-00059,1Z7000000000000059,label_created,2026-03-14T23:00:00Z,"Joliet, IL",EVT-000233
SHP-00059,1Z7000000000000059,picked_up,2026-03-15T05:00:00Z,"Joliet, IL",EVT-000234
SHP-00059,1Z7000000000000059,in_transit,2026-03-16T17:00:00Z,Zone 5 network,EVT-000235
SHP-00059,1Z7000000000000059,delivered,2026-03-18T05:00:00Z,"Atlanta, GA",EVT-000236
SHP-00060,1Z7000000000000060,label_created,2026-03-14T04:00:00Z,"Edison, NJ",EVT-000237
SHP-00060,1Z7000000000000060,picked_up,2026-03-14T10:00:00Z,"Edison, NJ",EVT-000238
SHP-00060,1Z7000000000000060,in_transit,2026-03-15T10:00:00Z,Zone 4 network,EVT-000239
SHP-00060,1Z7000000000000060,delivered,2026-03-16T10:00:00Z,"Charlotte, NC",EVT-000240
SHP-00061,790000000061,label_created,2026-03-14T08:00:00Z,"Ontario, CA",EVT-000241
SHP-00061,790000000061,picked_up,2026-03-14T14:00:00Z,"Ontario, CA",EVT-000242
SHP-00061,790000000061,in_transit,2026-03-16T14:00:00Z,Zone 6 network,EVT-000243
SHP-00061,790000000061,delivered,2026-03-18T14:00:00Z,"Dallas, TX",EVT-000244
SHP-00062,790000000062,label_created,2026-03-15T02:00:00Z,"Edison, NJ",EVT-000245
SHP-00062,790000000062,picked_up,2026-03-15T08:00:00Z,"Edison, NJ",EVT-000246
SHP-00062,790000000062,in_transit,2026-03-16T08:00:00Z,Zone 4 network,EVT-000247
SHP-00062,790000000062,delivered,2026-03-17T08:00:00Z,"Houston, TX",EVT-000248
SHP-00063,790000000063,label_created,2026-03-15T06:00:00Z,"Joliet, IL",EVT-000249
SHP-00063,790000000063,picked_up,2026-03-15T12:00:00Z,"Joliet, IL",EVT-000250
SHP-00063,790000000063,in_transit,2026-03-16T12:00:00Z,Zone 3 network,EVT-000251
SHP-00063,790000000063,delivered,2026-03-17T12:00:00Z,"Chicago, IL",EVT-000252
SHP-00064,1Z7000000000000064,label_created,2026-03-14T22:00:00Z,"Joliet, IL",EVT-000253
SHP-00064,1Z7000000000000064,picked_up,2026-03-15T04:00:00Z,"Joliet, IL",EVT-000254
SHP-00064,1Z7000000000000064,in_transit,2026-03-16T16:00:00Z,Zone 4 network,EVT-000255
SHP-00064,1Z7000000000000064,delivered,2026-03-18T04:00:00Z,"Minneapolis, MN",EVT-000256
SHP-00065,1Z7000000000000065,label_created,2026-03-15T00:00:00Z,"Joliet, IL",EVT-000257
SHP-00065,1Z7000000000000065,picked_up,2026-03-15T06:00:00Z,"Joliet, IL",EVT-000258
SHP-00065,1Z7000000000000065,in_transit,2026-03-16T06:00:00Z,Zone 3 network,EVT-000259
SHP-00065,1Z7000000000000065,delivered,2026-03-17T06:00:00Z,"Columbus, OH",EVT-000260
SHP-00066,1Z7000000000000066,label_created,2026-03-15T07:00:00Z,"Joliet, IL",EVT-000261
SHP-00066,1Z7000000000000066,picked_up,2026-03-15T13:00:00Z,"Joliet, IL",EVT-000262
SHP-00066,1Z7000000000000066,in_transit,2026-03-16T13:00:00Z,Zone 5 network,EVT-000263
SHP-00066,1Z7000000000000066,delivered,2026-03-17T13:00:00Z,"Denver, CO",EVT-000264
SHP-00067,790000000067,label_created,2026-03-16T04:00:00Z,"Ontario, CA",EVT-000265
SHP-00067,790000000067,picked_up,2026-03-16T10:00:00Z,"Ontario, CA",EVT-000266
SHP-00067,790000000067,in_transit,2026-03-17T22:00:00Z,Zone 4 network,EVT-000267
SHP-00067,790000000067,delivered,2026-03-19T10:00:00Z,"Salt Lake City, UT",EVT-000268
SHP-00068,790000000068,label_created,2026-03-16T20:00:00Z,"Ontario, CA",EVT-000269
SHP-00068,790000000068,picked_up,2026-03-17T02:00:00Z,"Ontario, CA",EVT-000270
SHP-00068,790000000068,in_transit,2026-03-19T14:00:00Z,Zone 6 network,EVT-000271
SHP-00068,790000000068,delivered,2026-03-22T02:00:00Z,"Boise, ID",EVT-000272
SHP-00069,1Z7000000000000069,label_created,2026-03-15T21:00:00Z,"Joliet, IL",EVT-000273
SHP-00069,1Z7000000000000069,picked_up,2026-03-16T03:00:00Z,"Joliet, IL",EVT-000274
SHP-00069,1Z7000000000000069,in_transit,2026-03-16T15:00:00Z,Zone 7 network,EVT-000275
SHP-00069,1Z7000000000000069,delivered,2026-03-17T03:00:00Z,"Phoenix, AZ",EVT-000276
SHP-00070,790000000070,label_created,2026-03-16T17:00:00Z,"Ontario, CA",EVT-000277
SHP-00070,790000000070,picked_up,2026-03-16T23:00:00Z,"Ontario, CA",EVT-000278
SHP-00070,790000000070,in_transit,2026-03-17T23:00:00Z,Zone 2 network,EVT-000279
SHP-00070,790000000070,delivered,2026-03-18T23:00:00Z,"Los Angeles, CA",EVT-000280
SHP-00071,790000000071,label_created,2026-03-16T06:00:00Z,"Ontario, CA",EVT-000281
SHP-00071,790000000071,picked_up,2026-03-16T12:00:00Z,"Ontario, CA",EVT-000282
SHP-00071,790000000071,in_transit,2026-03-17T12:00:00Z,Zone 3 network,EVT-000283
SHP-00071,790000000071,delivered,2026-03-18T12:00:00Z,"San Francisco, CA",EVT-000284
SHP-00072,1Z7000000000000072,label_created,2026-03-16T10:00:00Z,"Ontario, CA",EVT-000285
SHP-00072,1Z7000000000000072,picked_up,2026-03-16T16:00:00Z,"Ontario, CA",EVT-000286
SHP-00072,1Z7000000000000072,in_transit,2026-03-17T16:00:00Z,Zone 2 network,EVT-000287
SHP-00072,1Z7000000000000072,delivered,2026-03-18T16:00:00Z,"Seattle, WA",EVT-000288
SHP-00073,1Z7000000000000073,label_created,2026-03-16T21:00:00Z,"Edison, NJ",EVT-000289
SHP-00073,1Z7000000000000073,picked_up,2026-03-17T03:00:00Z,"Edison, NJ",EVT-000290
SHP-00073,1Z7000000000000073,in_transit,2026-03-18T03:00:00Z,Zone 2 network,EVT-000291
SHP-00073,1Z7000000000000073,delivered,2026-03-19T03:00:00Z,"New York, NY",EVT-000292
SHP-00074,790000000074,label_created,2026-03-16T21:00:00Z,"Edison, NJ",EVT-000293
SHP-00074,790000000074,picked_up,2026-03-17T03:00:00Z,"Edison, NJ",EVT-000294
SHP-00074,790000000074,in_transit,2026-03-18T03:00:00Z,Zone 2 network,EVT-000295
SHP-00074,790000000074,delivered,2026-03-19T03:00:00Z,"Boston, MA",EVT-000296
SHP-00075,790000000075,label_created,2026-03-17T17:00:00Z,"Edison, NJ",EVT-000297
SHP-00075,790000000075,picked_up,2026-03-17T23:00:00Z,"Edison, NJ",EVT-000298
SHP-00075,790000000075,in_transit,2026-03-18T23:00:00Z,Zone 2 network,EVT-000299
SHP-00075,790000000075,delivered,2026-03-19T23:00:00Z,"Philadelphia, PA",EVT-000300
SHP-00076,790000000076,label_created,2026-03-17T08:00:00Z,"Joliet, IL",EVT-000301
SHP-00076,790000000076,picked_up,2026-03-17T14:00:00Z,"Joliet, IL",EVT-000302
SHP-00076,790000000076,in_transit,2026-03-19T02:00:00Z,Zone 5 network,EVT-000303
SHP-00076,790000000076,delivered,2026-03-20T14:00:00Z,"Miami, FL",EVT-000304
SHP-00077,1Z7000000000000077,label_created,2026-03-17T13:00:00Z,"Joliet, IL",EVT-000305
SHP-00077,1Z7000000000000077,picked_up,2026-03-17T19:00:00Z,"Joliet, IL",EVT-000306
SHP-00077,1Z7000000000000077,in_transit,2026-03-19T07:00:00Z,Zone 5 network,EVT-000307
SHP-00077,1Z7000000000000077,delivered,2026-03-20T19:00:00Z,"Atlanta, GA",EVT-000308
SHP-00078,1Z7000000000000078,label_created,2026-03-18T09:00:00Z,"Edison, NJ",EVT-000309
SHP-00078,1Z7000000000000078,picked_up,2026-03-18T15:00:00Z,"Edison, NJ",EVT-000310
SHP-00078,1Z7000000000000078,in_transit,2026-03-20T03:00:00Z,Zone 4 network,EVT-000311
SHP-00078,1Z7000000000000078,delivered,2026-03-21T15:00:00Z,"Charlotte, NC",EVT-000312
SHP-00079,790000000079,label_created,2026-03-18T14:00:00Z,"Edison, NJ",EVT-000313
SHP-00079,790000000079,picked_up,2026-03-18T20:00:00Z,"Edison, NJ",EVT-000314
SHP-00079,790000000079,in_transit,2026-03-20T08:00:00Z,Zone 5 network,EVT-000315
SHP-00079,790000000079,delivered,2026-03-21T20:00:00Z,"Dallas, TX",EVT-000316
SHP-00080,1Z7000000000000080,label_created,2026-03-18T07:00:00Z,"Joliet, IL",EVT-000317
SHP-00080,1Z7000000000000080,picked_up,2026-03-18T13:00:00Z,"Joliet, IL",EVT-000318
SHP-00080,1Z7000000000000080,in_transit,2026-03-20T01:00:00Z,Zone 4 network,EVT-000319
SHP-00080,1Z7000000000000080,delivered,2026-03-21T13:00:00Z,"Houston, TX",EVT-000320
SHP-00081,1Z7000000000000081,label_created,2026-03-18T13:00:00Z,"Edison, NJ",EVT-000321
SHP-00081,1Z7000000000000081,picked_up,2026-03-18T19:00:00Z,"Edison, NJ",EVT-000322
SHP-00081,1Z7000000000000081,in_transit,2026-03-19T19:00:00Z,Zone 4 network,EVT-000323
SHP-00081,1Z7000000000000081,delivered,2026-03-20T19:00:00Z,"Chicago, IL",EVT-000324
SHP-00082,790000000082,label_created,2026-03-18T16:00:00Z,"Edison, NJ",EVT-000325
SHP-00082,790000000082,picked_up,2026-03-18T22:00:00Z,"Edison, NJ",EVT-000326
SHP-00082,790000000082,in_transit,2026-03-19T22:00:00Z,Zone 4 network,EVT-000327
SHP-00082,790000000082,delivered,2026-03-20T22:00:00Z,"Minneapolis, MN",EVT-000328
SHP-00083,790000000083,label_created,2026-03-18T22:00:00Z,"Joliet, IL",EVT-000329
SHP-00083,790000000083,picked_up,2026-03-19T04:00:00Z,"Joliet, IL",EVT-000330
SHP-00083,790000000083,in_transit,2026-03-20T04:00:00Z,Zone 3 network,EVT-000331
SHP-00083,790000000083,delivered,2026-03-21T04:00:00Z,"Columbus, OH",EVT-000332
SHP-00084,790000000084,label_created,2026-03-19T01:00:00Z,"Edison, NJ",EVT-000333
SHP-00084,790000000084,picked_up,2026-03-19T07:00:00Z,"Edison, NJ",EVT-000334
SHP-00084,790000000084,in_transit,2026-03-19T19:00:00Z,Zone 6 network,EVT-000335
SHP-00084,790000000084,delivered,2026-03-20T07:00:00Z,"Denver, CO",EVT-000336
SHP-00085,790000000085,label_created,2026-03-20T08:00:00Z,"Joliet, IL",EVT-000337
SHP-00085,790000000085,picked_up,2026-03-20T14:00:00Z,"Joliet, IL",EVT-000338
SHP-00085,790000000085,in_transit,2026-03-22T02:00:00Z,Zone 5 network,EVT-000339
SHP-00085,790000000085,delivered,2026-03-23T14:00:00Z,"Salt Lake City, UT",EVT-000340
SHP-00086,1Z7000000000000086,label_created,2026-03-19T12:00:00Z,"Ontario, CA",EVT-000341
SHP-00086,1Z7000000000000086,picked_up,2026-03-19T18:00:00Z,"Ontario, CA",EVT-000342
SHP-00086,1Z7000000000000086,in_transit,2026-03-21T06:00:00Z,Zone 5 network,EVT-000343
SHP-00086,1Z7000000000000086,delivered,2026-03-22T18:00:00Z,"Boise, ID",EVT-000344
SHP-00087,1Z7000000000000087,label_created,2026-03-19T14:00:00Z,"Ontario, CA",EVT-000345
SHP-00087,1Z7000000000000087,picked_up,2026-03-19T20:00:00Z,"Ontario, CA",EVT-000346
SHP-00087,1Z7000000000000087,in_transit,2026-03-20T20:00:00Z,Zone 2 network,EVT-000347
SHP-00087,1Z7000000000000087,delivered,2026-03-21T20:00:00Z,"Phoenix, AZ",EVT-000348
SHP-00088,1Z7000000000000088,label_created,2026-03-20T10:00:00Z,"Ontario, CA",EVT-000349
SHP-00088,1Z7000000000000088,picked_up,2026-03-20T16:00:00Z,"Ontario, CA",EVT-000350
SHP-00088,1Z7000000000000088,in_transit,2026-03-21T16:00:00Z,Zone 2 network,EVT-000351
SHP-00088,1Z7000000000000088,delivered,2026-03-22T16:00:00Z,"Los Angeles, CA",EVT-000352
SHP-00089,790000000089,label_created,2026-03-20T15:00:00Z,"Ontario, CA",EVT-000353
SHP-00089,790000000089,picked_up,2026-03-20T21:00:00Z,"Ontario, CA",EVT-000354
SHP-00089,790000000089,in_transit,2026-03-21T21:00:00Z,Zone 2 network,EVT-000355
SHP-00089,790000000089,delivered,2026-03-22T21:00:00Z,"San Francisco, CA",EVT-000356
SHP-00090,790000000090,label_created,2026-03-20T04:00:00Z,"Ontario, CA",EVT-000357
SHP-00090,790000000090,picked_up,2026-03-20T10:00:00Z,"Ontario, CA",EVT-000358
SHP-00090,790000000090,in_transit,2026-03-21T10:00:00Z,Zone 3 network,EVT-000359
SHP-00090,790000000090,delivered,2026-03-22T10:00:00Z,"Seattle, WA",EVT-000360
SHP-00091,1Z7000000000000091,label_created,2026-03-20T10:00:00Z,"Edison, NJ",EVT-000361
SHP-00091,1Z7000000000000091,picked_up,2026-03-20T16:00:00Z,"Edison, NJ",EVT-000362
SHP-00091,1Z7000000000000091,in_transit,2026-03-21T16:00:00Z,Zone 3 network,EVT-000363
SHP-00091,1Z7000000000000091,delivered,2026-03-22T16:00:00Z,"New York, NY",EVT-000364
SHP-00092,1Z7000000000000092,label_created,2026-03-21T06:00:00Z,"Edison, NJ",EVT-000365
SHP-00092,1Z7000000000000092,picked_up,2026-03-21T12:00:00Z,"Edison, NJ",EVT-000366
SHP-00092,1Z7000000000000092,in_transit,2026-03-22T12:00:00Z,Zone 2 network,EVT-000367
SHP-00092,1Z7000000000000092,delivered,2026-03-23T12:00:00Z,"Boston, MA",EVT-000368
SHP-00093,790000000093,label_created,2026-03-22T01:00:00Z,"Edison, NJ",EVT-000369
SHP-00093,790000000093,picked_up,2026-03-22T07:00:00Z,"Edison, NJ",EVT-000370
SHP-00093,790000000093,in_transit,2026-03-22T19:00:00Z,Zone 3 network,EVT-000371
SHP-00093,790000000093,delivered,2026-03-23T07:00:00Z,"Philadelphia, PA",EVT-000372
SHP-00094,1Z7000000000000094,label_created,2026-03-21T06:00:00Z,"Joliet, IL",EVT-000373
SHP-00094,1Z7000000000000094,picked_up,2026-03-21T12:00:00Z,"Joliet, IL",EVT-000374
SHP-00094,1Z7000000000000094,in_transit,2026-03-22T12:00:00Z,Zone 4 network,EVT-000375
SHP-00094,1Z7000000000000094,delivered,2026-03-23T12:00:00Z,"Miami, FL",EVT-000376
SHP-00095,1Z7000000000000095,label_created,2026-03-21T10:00:00Z,"Ontario, CA",EVT-000377
SHP-00095,1Z7000000000000095,picked_up,2026-03-21T16:00:00Z,"Ontario, CA",EVT-000378
SHP-00095,1Z7000000000000095,in_transit,2026-03-23T16:00:00Z,Zone 6 network,EVT-000379
SHP-00095,1Z7000000000000095,delivered,2026-03-25T16:00:00Z,"Atlanta, GA",EVT-000380
SHP-00096,790000000096,label_created,2026-03-21T16:00:00Z,"Edison, NJ",EVT-000381
SHP-00096,790000000096,picked_up,2026-03-21T22:00:00Z,"Edison, NJ",EVT-000382
SHP-00096,790000000096,in_transit,2026-03-23T10:00:00Z,Zone 4 network,EVT-000383
SHP-00096,790000000096,delivered,2026-03-24T22:00:00Z,"Charlotte, NC",EVT-000384
SHP-00097,790000000097,label_created,2026-03-21T17:00:00Z,"Edison, NJ",EVT-000385
SHP-00097,790000000097,picked_up,2026-03-21T23:00:00Z,"Edison, NJ",EVT-000386
SHP-00097,790000000097,in_transit,2026-03-23T11:00:00Z,Zone 5 network,EVT-000387
SHP-00097,790000000097,delivered,2026-03-24T23:00:00Z,"Dallas, TX",EVT-000388
SHP-00098,790000000098,label_created,2026-03-21T21:00:00Z,"Edison, NJ",EVT-000389
SHP-00098,790000000098,picked_up,2026-03-22T03:00:00Z,"Edison, NJ",EVT-000390
SHP-00098,790000000098,in_transit,2026-03-23T15:00:00Z,Zone 5 network,EVT-000391
SHP-00098,790000000098,delivered,2026-03-25T03:00:00Z,"Houston, TX",EVT-000392
SHP-00099,1Z7000000000000099,label_created,2026-03-22T18:00:00Z,"Joliet, IL",EVT-000393
SHP-00099,1Z7000000000000099,picked_up,2026-03-23T00:00:00Z,"Joliet, IL",EVT-000394
SHP-00099,1Z7000000000000099,in_transit,2026-03-24T12:00:00Z,Zone 4 network,EVT-000395
SHP-00099,1Z7000000000000099,delivered,2026-03-26T00:00:00Z,"Chicago, IL",EVT-000396
SHP-00100,1Z7000000000000100,label_created,2026-03-23T12:00:00Z,"Edison, NJ",EVT-000397
SHP-00100,1Z7000000000000100,picked_up,2026-03-23T18:00:00Z,"Edison, NJ",EVT-000398
SHP-00100,1Z7000000000000100,in_transit,2026-03-25T06:00:00Z,Zone 5 network,EVT-000399
SHP-00100,1Z7000000000000100,delivered,2026-03-26T18:00:00Z,"Minneapolis, MN",EVT-000400
SHP-00101,790000000101,label_created,2026-03-22T11:00:00Z,"Joliet, IL",EVT-000401
SHP-00101,790000000101,picked_up,2026-03-22T17:00:00Z,"Joliet, IL",EVT-000402
SHP-00101,790000000101,in_transit,2026-03-23T17:00:00Z,Zone 3 network,EVT-000403
SHP-00101,790000000101,delivered,2026-03-24T17:00:00Z,"Columbus, OH",EVT-000404
SHP-00102,790000000102,label_created,2026-03-22T17:00:00Z,"Edison, NJ",EVT-000405
SHP-00102,790000000102,picked_up,2026-03-22T23:00:00Z,"Edison, NJ",EVT-000406
SHP-00102,790000000102,in_transit,2026-03-23T23:00:00Z,Zone 6 network,EVT-000407
SHP-00102,790000000102,delivered,2026-03-24T23:00:00Z,"Denver, CO",EVT-000408
SHP-00103,1Z7000000000000103,label_created,2026-03-23T01:00:00Z,"Ontario, CA",EVT-000409
SHP-00103,1Z7000000000000103,picked_up,2026-03-23T07:00:00Z,"Ontario, CA",EVT-000410
SHP-00103,1Z7000000000000103,in_transit,2026-03-24T07:00:00Z,Zone 4 network,EVT-000411
SHP-00103,1Z7000000000000103,delivered,2026-03-25T07:00:00Z,"Salt Lake City, UT",EVT-000412
SHP-00104,1Z7000000000000104,label_created,2026-03-24T06:00:00Z,"Joliet, IL",EVT-000413
SHP-00104,1Z7000000000000104,picked_up,2026-03-24T12:00:00Z,"Joliet, IL",EVT-000414
SHP-00104,1Z7000000000000104,in_transit,2026-03-26T00:00:00Z,Zone 6 network,EVT-000415
SHP-00104,1Z7000000000000104,delivered,2026-03-27T12:00:00Z,"Boise, ID",EVT-000416
SHP-00105,790000000105,label_created,2026-03-24T00:00:00Z,"Ontario, CA",EVT-000417
SHP-00105,790000000105,picked_up,2026-03-24T06:00:00Z,"Ontario, CA",EVT-000418
SHP-00105,790000000105,in_transit,2026-03-25T06:00:00Z,Zone 2 network,EVT-000419
SHP-00105,790000000105,delivered,2026-03-26T06:00:00Z,"Phoenix, AZ",EVT-000420
SHP-00106,1Z7000000000000106,label_created,2026-03-23T12:00:00Z,"Ontario, CA",EVT-000421
SHP-00106,1Z7000000000000106,picked_up,2026-03-23T18:00:00Z,"Ontario, CA",EVT-000422
SHP-00106,1Z7000000000000106,in_transit,2026-03-24T18:00:00Z,Zone 2 network,EVT-000423
SHP-00106,1Z7000000000000106,delivered,2026-03-25T18:00:00Z,"Los Angeles, CA",EVT-000424
SHP-00107,790000000107,label_created,2026-03-24T00:00:00Z,"Ontario, CA",EVT-000425
SHP-00107,790000000107,picked_up,2026-03-24T06:00:00Z,"Ontario, CA",EVT-000426
SHP-00107,790000000107,in_transit,2026-03-25T06:00:00Z,Zone 2 network,EVT-000427
SHP-00107,790000000107,delivered,2026-03-26T06:00:00Z,"San Francisco, CA",EVT-000428
SHP-00108,1Z7000000000000108,label_created,2026-03-23T22:00:00Z,"Ontario, CA",EVT-000429
SHP-00108,1Z7000000000000108,picked_up,2026-03-24T04:00:00Z,"Ontario, CA",EVT-000430
SHP-00108,1Z7000000000000108,in_transit,2026-03-25T04:00:00Z,Zone 2 network,EVT-000431
SHP-00108,1Z7000000000000108,delivered,2026-03-26T04:00:00Z,"Seattle, WA",EVT-000432
SHP-00109,790000000109,label_created,2026-03-24T04:00:00Z,"Ontario, CA",EVT-000433
SHP-00109,790000000109,picked_up,2026-03-24T10:00:00Z,"Ontario, CA",EVT-000434
SHP-00109,790000000109,in_transit,2026-03-25T10:00:00Z,Zone 8 network,EVT-000435
SHP-00109,790000000109,delivered,2026-03-26T10:00:00Z,"New York, NY",EVT-000436
SHP-00110,1Z7000000000000110,label_created,2026-03-24T14:00:00Z,"Edison, NJ",EVT-000437
SHP-00110,1Z7000000000000110,picked_up,2026-03-24T20:00:00Z,"Edison, NJ",EVT-000438
SHP-00110,1Z7000000000000110,in_transit,2026-03-25T08:00:00Z,Zone 2 network,EVT-000439
SHP-00110,1Z7000000000000110,delivered,2026-03-25T20:00:00Z,"Boston, MA",EVT-000440
SHP-00111,790000000111,label_created,2026-03-24T13:00:00Z,"Joliet, IL",EVT-000441
SHP-00111,790000000111,picked_up,2026-03-24T19:00:00Z,"Joliet, IL",EVT-000442
SHP-00111,790000000111,in_transit,2026-03-26T07:00:00Z,Zone 5 network,EVT-000443
SHP-00111,790000000111,delivered,2026-03-27T19:00:00Z,"Philadelphia, PA",EVT-000444
SHP-00112,1Z7000000000000112,label_created,2026-03-25T13:00:00Z,"Joliet, IL",EVT-000445
SHP-00112,1Z7000000000000112,picked_up,2026-03-25T19:00:00Z,"Joliet, IL",EVT-000446
SHP-00112,1Z7000000000000112,in_transit,2026-03-27T07:00:00Z,Zone 4 network,EVT-000447
SHP-00112,1Z7000000000000112,delivered,2026-03-28T19:00:00Z,"Miami, FL",EVT-000448
SHP-00113,790000000113,label_created,2026-03-26T06:00:00Z,"Ontario, CA",EVT-000449
SHP-00113,790000000113,picked_up,2026-03-26T12:00:00Z,"Ontario, CA",EVT-000450
SHP-00113,790000000113,in_transit,2026-03-28T12:00:00Z,Zone 6 network,EVT-000451
SHP-00113,790000000113,delivered,2026-03-30T12:00:00Z,"Atlanta, GA",EVT-000452
SHP-00114,1Z7000000000000114,label_created,2026-03-25T07:00:00Z,"Joliet, IL",EVT-000453
SHP-00114,1Z7000000000000114,picked_up,2026-03-25T13:00:00Z,"Joliet, IL",EVT-000454
SHP-00114,1Z7000000000000114,in_transit,2026-03-27T01:00:00Z,Zone 4 network,EVT-000455
SHP-00114,1Z7000000000000114,delivered,2026-03-28T13:00:00Z,"Charlotte, NC",EVT-000456
SHP-00115,790000000115,label_created,2026-03-25T14:00:00Z,"Joliet, IL",EVT-000457
SHP-00115,790000000115,picked_up,2026-03-25T20:00:00Z,"Joliet, IL",EVT-000458
SHP-00115,790000000115,in_transit,2026-03-27T08:00:00Z,Zone 5 network,EVT-000459
SHP-00115,790000000115,delivered,2026-03-28T20:00:00Z,"Dallas, TX",EVT-000460
SHP-00116,790000000116,label_created,2026-03-25T18:00:00Z,"Joliet, IL",EVT-000461
SHP-00116,790000000116,picked_up,2026-03-26T00:00:00Z,"Joliet, IL",EVT-000462
SHP-00116,790000000116,in_transit,2026-03-27T00:00:00Z,Zone 4 network,EVT-000463
SHP-00116,790000000116,delivered,2026-03-28T00:00:00Z,"Houston, TX",EVT-000464
SHP-00117,1Z7000000000000117,label_created,2026-03-27T00:00:00Z,"Joliet, IL",EVT-000465
SHP-00117,1Z7000000000000117,picked_up,2026-03-27T06:00:00Z,"Joliet, IL",EVT-000466
SHP-00117,1Z7000000000000117,in_transit,2026-03-28T06:00:00Z,Zone 3 network,EVT-000467
SHP-00117,1Z7000000000000117,delivered,2026-03-29T06:00:00Z,"Chicago, IL",EVT-000468
SHP-00118,790000000118,label_created,2026-03-26T00:00:00Z,"Joliet, IL",EVT-000469
SHP-00118,790000000118,picked_up,2026-03-26T06:00:00Z,"Joliet, IL",EVT-000470
SHP-00118,790000000118,in_transit,2026-03-27T06:00:00Z,Zone 3 network,EVT-000471
SHP-00118,790000000118,delivered,2026-03-28T06:00:00Z,"Minneapolis, MN",EVT-000472
SHP-00119,790000000119,label_created,2026-03-26T06:00:00Z,"Joliet, IL",EVT-000473
SHP-00119,790000000119,picked_up,2026-03-26T12:00:00Z,"Joliet, IL",EVT-000474
SHP-00119,790000000119,in_transit,2026-03-28T00:00:00Z,Zone 4 network,EVT-000475
SHP-00119,790000000119,delivered,2026-03-29T12:00:00Z,"Columbus, OH",EVT-000476
SHP-00120,790000000120,label_created,2026-03-27T03:00:00Z,"Ontario, CA",EVT-000477
SHP-00120,790000000120,picked_up,2026-03-27T09:00:00Z,"Ontario, CA",EVT-000478
SHP-00120,790000000120,in_transit,2026-03-28T21:00:00Z,Zone 4 network,EVT-000479
SHP-00120,790000000120,delivered,2026-03-30T09:00:00Z,"Denver, CO",EVT-000480
SHP-00121,1Z7000000000000121,label_created,2026-03-26T21:00:00Z,"Ontario, CA",EVT-000481
SHP-00121,1Z7000000000000121,picked_up,2026-03-27T03:00:00Z,"Ontario, CA",EVT-000482
SHP-00121,1Z7000000000000121,in_transit,2026-03-28T15:00:00Z,Zone 5 network,EVT-000483
SHP-00121,1Z7000000000000121,delivered,2026-03-30T03:00:00Z,"Salt Lake City, UT",EVT-000484
SHP-00122,1Z7000000000000122,label_created,2026-03-27T00:00:00Z,"Edison, NJ",EVT-000485
SHP-00122,1Z7000000000000122,picked_up,2026-03-27T06:00:00Z,"Edison, NJ",EVT-000486
SHP-00122,1Z7000000000000122,in_transit,2026-03-28T18:00:00Z,Zone 7 network,EVT-000487
SHP-00122,1Z7000000000000122,delivered,2026-03-30T06:00:00Z,"Boise, ID",EVT-000488
SHP-00123,790000000123,label_created,2026-03-27T05:00:00Z,"Ontario, CA",EVT-000489
SHP-00123,790000000123,picked_up,2026-03-27T11:00:00Z,"Ontario, CA",EVT-000490
SHP-00123,790000000123,in_transit,2026-03-28T11:00:00Z,Zone 3 network,EVT-000491
SHP-00123,790000000123,delivered,2026-03-29T11:00:00Z,"Phoenix, AZ",EVT-000492
SHP-00124,1Z7000000000000124,label_created,2026-03-27T09:00:00Z,"Ontario, CA",EVT-000493
SHP-00124,1Z7000000000000124,picked_up,2026-03-27T15:00:00Z,"Ontario, CA",EVT-000494
SHP-00124,1Z7000000000000124,in_transit,2026-03-28T15:00:00Z,Zone 2 network,EVT-000495
SHP-00124,1Z7000000000000124,delivered,2026-03-29T15:00:00Z,"Los Angeles, CA",EVT-000496
SHP-00125,1Z7000000000000125,label_created,2026-03-27T14:00:00Z,"Ontario, CA",EVT-000497
SHP-00125,1Z7000000000000125,picked_up,2026-03-27T20:00:00Z,"Ontario, CA",EVT-000498
SHP-00125,1Z7000000000000125,in_transit,2026-03-28T08:00:00Z,Zone 2 network,EVT-000499
SHP-00125,1Z7000000000000125,delivered,2026-03-28T20:00:00Z,"San Francisco, CA",EVT-000500
SHP-00126,1Z7000000000000126,label_created,2026-03-27T20:00:00Z,"Ontario, CA",EVT-000501
SHP-00126,1Z7000000000000126,picked_up,2026-03-28T02:00:00Z,"Ontario, CA",EVT-000502
SHP-00126,1Z7000000000000126,in_transit,2026-03-29T02:00:00Z,Zone 2 network,EVT-000503
SHP-00126,1Z7000000000000126,delivered,2026-03-30T02:00:00Z,"Seattle, WA",EVT-000504
SHP-00127,1Z7000000000000127,label_created,2026-03-28T01:00:00Z,"Edison, NJ",EVT-000505
SHP-00127,1Z7000000000000127,picked_up,2026-03-28T07:00:00Z,"Edison, NJ",EVT-000506
SHP-00127,1Z7000000000000127,in_transit,2026-03-29T07:00:00Z,Zone 2 network,EVT-000507
SHP-00127,1Z7000000000000127,delivered,2026-03-30T07:00:00Z,"New York, NY",EVT-000508
SHP-00128,1Z7000000000000128,label_created,2026-03-28T07:00:00Z,"Edison, NJ",EVT-000509
SHP-00128,1Z7000000000000128,picked_up,2026-03-28T13:00:00Z,"Edison, NJ",EVT-000510
SHP-00128,1Z7000000000000128,in_transit,2026-03-29T13:00:00Z,Zone 3 network,EVT-000511
SHP-00128,1Z7000000000000128,delivered,2026-03-30T13:00:00Z,"Boston, MA",EVT-000512
SHP-00129,790000000129,label_created,2026-03-28T07:00:00Z,"Edison, NJ",EVT-000513
SHP-00129,790000000129,picked_up,2026-03-28T13:00:00Z,"Edison, NJ",EVT-000514
SHP-00129,790000000129,in_transit,2026-03-29T13:00:00Z,Zone 2 network,EVT-000515
SHP-00129,790000000129,delivered,2026-03-30T13:00:00Z,"Philadelphia, PA",EVT-000516
SHP-00130,1Z7000000000000130,label_created,2026-03-29T04:00:00Z,"Edison, NJ",EVT-000517
SHP-00130,1Z7000000000000130,picked_up,2026-03-29T10:00:00Z,"Edison, NJ",EVT-000518
SHP-00130,1Z7000000000000130,in_transit,2026-03-30T22:00:00Z,Zone 4 network,EVT-000519
SHP-00130,1Z7000000000000130,delivered,2026-04-01T10:00:00Z,"Miami, FL",EVT-000520
SHP-00131,1Z7000000000000131,label_created,2026-03-29T10:00:00Z,"Edison, NJ",EVT-000521
SHP-00131,1Z7000000000000131,picked_up,2026-03-29T16:00:00Z,"Edison, NJ",EVT-000522
SHP-00131,1Z7000000000000131,in_transit,2026-03-31T04:00:00Z,Zone 5 network,EVT-000523
SHP-00131,1Z7000000000000131,delivered,2026-04-01T16:00:00Z,"Atlanta, GA",EVT-000524
SHP-00132,790000000132,label_created,2026-03-29T15:00:00Z,"Ontario, CA",EVT-000525
SHP-00132,790000000132,picked_up,2026-03-29T21:00:00Z,"Ontario, CA",EVT-000526
SHP-00132,790000000132,in_transit,2026-03-30T21:00:00Z,Zone 6 network,EVT-000527
SHP-00132,790000000132,delivered,2026-03-31T21:00:00Z,"Charlotte, NC",EVT-000528
SHP-00133,790000000133,label_created,2026-03-29T21:00:00Z,"Edison, NJ",EVT-000529
SHP-00133,790000000133,picked_up,2026-03-30T03:00:00Z,"Edison, NJ",EVT-000530
SHP-00133,790000000133,in_transit,2026-03-31T03:00:00Z,Zone 4 network,EVT-000531
SHP-00133,790000000133,delivered,2026-04-01T03:00:00Z,"Dallas, TX",EVT-000532
SHP-00134,1Z7000000000000134,label_created,2026-03-30T03:00:00Z,"Edison, NJ",EVT-000533
SHP-00134,1Z7000000000000134,picked_up,2026-03-30T09:00:00Z,"Edison, NJ",EVT-000534
SHP-00134,1Z7000000000000134,in_transit,2026-03-31T21:00:00Z,Zone 4 network,EVT-000535
SHP-00134,1Z7000000000000134,delivered,2026-04-02T09:00:00Z,"Houston, TX",EVT-000536
SHP-00135,790000000135,label_created,2026-03-30T07:00:00Z,"Joliet, IL",EVT-000537
SHP-00135,790000000135,picked_up,2026-03-30T13:00:00Z,"Joliet, IL",EVT-000538
SHP-00135,790000000135,in_transit,2026-03-31T13:00:00Z,Zone 3 network,EVT-000539
SHP-00135,790000000135,delivered,2026-04-01T13:00:00Z,"Chicago, IL",EVT-000540
SHP-00136,1Z7000000000000136,label_created,2026-03-30T01:00:00Z,"Joliet, IL",EVT-000541
SHP-00136,1Z7000000000000136,picked_up,2026-03-30T07:00:00Z,"Joliet, IL",EVT-000542
SHP-00136,1Z7000000000000136,in_transit,2026-03-31T07:00:00Z,Zone 3 network,EVT-000543
SHP-00136,1Z7000000000000136,delivered,2026-04-01T07:00:00Z,"Minneapolis, MN",EVT-000544
SHP-00137,790000000137,label_created,2026-03-31T05:00:00Z,"Joliet, IL",EVT-000545
SHP-00137,790000000137,picked_up,2026-03-31T11:00:00Z,"Joliet, IL",EVT-000546
SHP-00137,790000000137,in_transit,2026-04-01T23:00:00Z,Zone 4 network,EVT-000547
SHP-00137,790000000137,delivered,2026-04-03T11:00:00Z,"Columbus, OH",EVT-000548
SHP-00138,790000000138,label_created,2026-03-31T08:00:00Z,"Edison, NJ",EVT-000549
SHP-00138,790000000138,picked_up,2026-03-31T14:00:00Z,"Edison, NJ",EVT-000550
SHP-00138,790000000138,in_transit,2026-04-01T14:00:00Z,Zone 6 network,EVT-000551
SHP-00138,790000000138,delivered,2026-04-02T14:00:00Z,"Denver, CO",EVT-000552
SHP-00139,1Z7000000000000139,label_created,2026-03-30T09:00:00Z,"Joliet, IL",EVT-000553
SHP-00139,1Z7000000000000139,picked_up,2026-03-30T15:00:00Z,"Joliet, IL",EVT-000554
SHP-00139,1Z7000000000000139,in_transit,2026-04-01T03:00:00Z,Zone 5 network,EVT-000555
SHP-00139,1Z7000000000000139,delivered,2026-04-02T15:00:00Z,"Salt Lake City, UT",EVT-000556
SHP-00140,1Z7000000000000140,label_created,2026-03-30T18:00:00Z,"Joliet, IL",EVT-000557
SHP-00140,1Z7000000000000140,picked_up,2026-03-31T00:00:00Z,"Joliet, IL",EVT-000558
SHP-00140,1Z7000000000000140,in_transit,2026-04-02T12:00:00Z,Zone 6 network,EVT-000559
SHP-00140,1Z7000000000000140,delivered,2026-04-05T00:00:00Z,"Boise, ID",EVT-000560
SHP-00141,790000000141,label_created,2026-03-31T11:00:00Z,"Ontario, CA",EVT-000561
SHP-00141,790000000141,picked_up,2026-03-31T17:00:00Z,"Ontario, CA",EVT-000562
SHP-00141,790000000141,in_transit,2026-04-01T17:00:00Z,Zone 2 network,EVT-000563
SHP-00141,790000000141,delivered,2026-04-02T17:00:00Z,"Phoenix, AZ",EVT-000564
SHP-00142,790000000142,label_created,2026-04-01T05:00:00Z,"Joliet, IL",EVT-000565
SHP-00142,790000000142,picked_up,2026-04-01T11:00:00Z,"Joliet, IL",EVT-000566
SHP-00142,790000000142,in_transit,2026-04-01T23:00:00Z,Zone 7 network,EVT-000567
SHP-00142,790000000142,delivered,2026-04-02T11:00:00Z,"Los Angeles, CA",EVT-000568
SHP-00143,1Z7000000000000143,label_created,2026-03-31T06:00:00Z,"Ontario, CA",EVT-000569
SHP-00143,1Z7000000000000143,picked_up,2026-03-31T12:00:00Z,"Ontario, CA",EVT-000570
SHP-00143,1Z7000000000000143,in_transit,2026-04-01T12:00:00Z,Zone 3 network,EVT-000571
SHP-00143,1Z7000000000000143,delivered,2026-04-02T12:00:00Z,"San Francisco, CA",EVT-000572
SHP-00144,1Z7000000000000144,label_created,2026-03-31T13:00:00Z,"Ontario, CA",EVT-000573
SHP-00144,1Z7000000000000144,picked_up,2026-03-31T19:00:00Z,"Ontario, CA",EVT-000574
SHP-00144,1Z7000000000000144,in_transit,2026-04-01T19:00:00Z,Zone 2 network,EVT-000575
SHP-00144,1Z7000000000000144,delivered,2026-04-02T19:00:00Z,"Seattle, WA",EVT-000576
SHP-00145,790000000145,label_created,2026-03-31T15:00:00Z,"Edison, NJ",EVT-000577
SHP-00145,790000000145,picked_up,2026-03-31T21:00:00Z,"Edison, NJ",EVT-000578
SHP-00145,790000000145,in_transit,2026-04-01T21:00:00Z,Zone 2 network,EVT-000579
SHP-00145,790000000145,delivered,2026-04-02T21:00:00Z,"New York, NY",EVT-000580
SHP-00146,790000000146,label_created,2026-04-01T02:00:00Z,"Joliet, IL",EVT-000581
SHP-00146,790000000146,picked_up,2026-04-01T08:00:00Z,"Joliet, IL",EVT-000582
SHP-00146,790000000146,in_transit,2026-04-02T20:00:00Z,Zone 4 network,EVT-000583
SHP-00146,790000000146,delivered,2026-04-04T08:00:00Z,"Boston, MA",EVT-000584
SHP-00147,1Z7000000000000147,label_created,2026-04-01T03:00:00Z,"Edison, NJ",EVT-000585
SHP-00147,1Z7000000000000147,picked_up,2026-04-01T09:00:00Z,"Edison, NJ",EVT-000586
SHP-00147,1Z7000000000000147,in_transit,2026-04-02T09:00:00Z,Zone 3 network,EVT-000587
SHP-00147,1Z7000000000000147,delivered,2026-04-03T09:00:00Z,"Philadelphia, PA",EVT-000588
SHP-00148,790000000148,label_created,2026-04-01T06:00:00Z,"Joliet, IL",EVT-000589
SHP-00148,790000000148,picked_up,2026-04-01T12:00:00Z,"Joliet, IL",EVT-000590
SHP-00148,790000000148,in_transit,2026-04-03T00:00:00Z,Zone 4 network,EVT-000591
SHP-00148,790000000148,delivered,2026-04-04T12:00:00Z,"Miami, FL",EVT-000592
SHP-00149,790000000149,label_created,2026-04-01T16:00:00Z,"Joliet, IL",EVT-000593
SHP-00149,790000000149,picked_up,2026-04-01T22:00:00Z,"Joliet, IL",EVT-000594
SHP-00149,790000000149,in_transit,2026-04-02T10:00:00Z,Zone 4 network,EVT-000595
SHP-00149,790000000149,delivered,2026-04-02T22:00:00Z,"Atlanta, GA",EVT-000596
SHP-00150,790000000150,label_created,2026-04-02T10:00:00Z,"Joliet, IL",EVT-000597
SHP-00150,790000000150,picked_up,2026-04-02T16:00:00Z,"Joliet, IL",EVT-000598
SHP-00150,790000000150,in_transit,2026-04-04T04:00:00Z,Zone 4 network,EVT-000599
SHP-00150,790000000150,delivered,2026-04-05T16:00:00Z,"Charlotte, NC",EVT-000600
SHP-00151,1Z7000000000000151,label_created,2026-04-02T13:00:00Z,"Joliet, IL",EVT-000601
SHP-00151,1Z7000000000000151,picked_up,2026-04-02T19:00:00Z,"Joliet, IL",EVT-000602
SHP-00151,1Z7000000000000151,in_transit,2026-04-04T07:00:00Z,Zone 4 network,EVT-000603
SHP-00151,1Z7000000000000151,delivered,2026-04-05T19:00:00Z,"Dallas, TX",EVT-000604
SHP-00152,790000000152,label_created,2026-04-02T09:00:00Z,"Ontario, CA",EVT-000605
SHP-00152,790000000152,picked_up,2026-04-02T15:00:00Z,"Ontario, CA",EVT-000606
SHP-00152,790000000152,in_transit,2026-04-04T15:00:00Z,Zone 6 network,EVT-000607
SHP-00152,790000000152,delivered,2026-04-06T15:00:00Z,"Houston, TX",EVT-000608
SHP-00153,1Z7000000000000153,label_created,2026-04-02T09:00:00Z,"Joliet, IL",EVT-000609
SHP-00153,1Z7000000000000153,picked_up,2026-04-02T15:00:00Z,"Joliet, IL",EVT-000610
SHP-00153,1Z7000000000000153,in_transit,2026-04-03T15:00:00Z,Zone 3 network,EVT-000611
SHP-00153,1Z7000000000000153,delivered,2026-04-04T15:00:00Z,"Chicago, IL",EVT-000612
SHP-00154,1Z7000000000000154,label_created,2026-04-03T07:00:00Z,"Joliet, IL",EVT-000613
SHP-00154,1Z7000000000000154,picked_up,2026-04-03T13:00:00Z,"Joliet, IL",EVT-000614
SHP-00154,1Z7000000000000154,in_transit,2026-04-05T01:00:00Z,Zone 4 network,EVT-000615
SHP-00154,1Z7000000000000154,delivered,2026-04-06T13:00:00Z,"Minneapolis, MN",EVT-000616
SHP-00155,1Z7000000000000155,label_created,2026-04-02T18:00:00Z,"Joliet, IL",EVT-000617
SHP-00155,1Z7000000000000155,picked_up,2026-04-03T00:00:00Z,"Joliet, IL",EVT-000618
SHP-00155,1Z7000000000000155,in_transit,2026-04-04T00:00:00Z,Zone 3 network,EVT-000619
SHP-00155,1Z7000000000000155,delivered,2026-04-05T00:00:00Z,"Columbus, OH",EVT-000620
SHP-00156,1Z7000000000000156,label_created,2026-04-03T02:00:00Z,"Edison, NJ",EVT-000621
SHP-00156,1Z7000000000000156,picked_up,2026-04-03T08:00:00Z,"Edison, NJ",EVT-000622
SHP-00156,1Z7000000000000156,in_transit,2026-04-05T08:00:00Z,Zone 6 network,EVT-000623
SHP-00156,1Z7000000000000156,delivered,2026-04-07T08:00:00Z,"Denver, CO",EVT-000624
SHP-00157,790000000157,label_created,2026-04-03T05:00:00Z,"Joliet, IL",EVT-000625
SHP-00157,790000000157,picked_up,2026-04-03T11:00:00Z,"Joliet, IL",EVT-000626
SHP-00157,790000000157,in_transit,2026-04-05T11:00:00Z,Zone 6 network,EVT-000627
SHP-00157,790000000157,delivered,2026-04-07T11:00:00Z,"Salt Lake City, UT",EVT-000628
SHP-00158,790000000158,label_created,2026-04-03T10:00:00Z,"Ontario, CA",EVT-000629
SHP-00158,790000000158,picked_up,2026-04-03T16:00:00Z,"Ontario, CA",EVT-000630
SHP-00158,790000000158,in_transit,2026-04-05T04:00:00Z,Zone 5 network,EVT-000631
SHP-00158,790000000158,delivered,2026-04-06T16:00:00Z,"Boise, ID",EVT-000632
SHP-00159,1Z7000000000000159,label_created,2026-04-03T14:00:00Z,"Joliet, IL",EVT-000633
SHP-00159,1Z7000000000000159,picked_up,2026-04-03T20:00:00Z,"Joliet, IL",EVT-000634
SHP-00159,1Z7000000000000159,in_transit,2026-04-05T20:00:00Z,Zone 8 network,EVT-000635
SHP-00159,1Z7000000000000159,delivered,2026-04-07T20:00:00Z,"Phoenix, AZ",EVT-000636
SHP-00160,1Z7000000000000160,label_created,2026-04-03T21:00:00Z,"Ontario, CA",EVT-000637
SHP-00160,1Z7000000000000160,picked_up,2026-04-04T03:00:00Z,"Ontario, CA",EVT-000638
SHP-00160,1Z7000000000000160,in_transit,2026-04-05T03:00:00Z,Zone 2 network,EVT-000639
SHP-00160,1Z7000000000000160,delivered,2026-04-06T03:00:00Z,"Los Angeles, CA",EVT-000640
SHP-00161,1Z7000000000000161,label_created,2026-04-04T01:00:00Z,"Edison, NJ",EVT-000641
SHP-00161,1Z7000000000000161,picked_up,2026-04-04T07:00:00Z,"Edison, NJ",EVT-000642
SHP-00161,1Z7000000000000161,in_transit,2026-04-05T07:00:00Z,Zone 8 network,EVT-000643
SHP-00161,1Z7000000000000161,delivered,2026-04-06T07:00:00Z,"San Francisco, CA",EVT-000644
SHP-00162,790000000162,label_created,2026-04-05T11:00:00Z,"Joliet, IL",EVT-000645
SHP-00162,790000000162,picked_up,2026-04-05T17:00:00Z,"Joliet, IL",EVT-000646
SHP-00162,790000000162,in_transit,2026-04-06T05:00:00Z,Zone 8 network,EVT-000647
SHP-00162,790000000162,delivered,2026-04-06T17:00:00Z,"Seattle, WA",EVT-000648
SHP-00163,1Z7000000000000163,label_created,2026-04-04T14:00:00Z,"Edison, NJ",EVT-000649
SHP-00163,1Z7000000000000163,picked_up,2026-04-04T20:00:00Z,"Edison, NJ",EVT-000650
SHP-00163,1Z7000000000000163,in_transit,2026-04-05T20:00:00Z,Zone 3 network,EVT-000651
SHP-00163,1Z7000000000000163,delivered,2026-04-06T20:00:00Z,"New York, NY",EVT-000652
SHP-00164,1Z7000000000000164,label_created,2026-04-04T17:00:00Z,"Edison, NJ",EVT-000653
SHP-00164,1Z7000000000000164,picked_up,2026-04-04T23:00:00Z,"Edison, NJ",EVT-000654
SHP-00164,1Z7000000000000164,in_transit,2026-04-05T23:00:00Z,Zone 2 network,EVT-000655
SHP-00164,1Z7000000000000164,delivered,2026-04-06T23:00:00Z,"Boston, MA",EVT-000656
SHP-00165,790000000165,label_created,2026-04-04T20:00:00Z,"Joliet, IL",EVT-000657
SHP-00165,790000000165,picked_up,2026-04-05T02:00:00Z,"Joliet, IL",EVT-000658
SHP-00165,790000000165,in_transit,2026-04-06T14:00:00Z,Zone 4 network,EVT-000659
SHP-00165,790000000165,delivered,2026-04-08T02:00:00Z,"Philadelphia, PA",EVT-000660
SHP-00166,1Z7000000000000166,label_created,2026-04-05T02:00:00Z,"Ontario, CA",EVT-000661
SHP-00166,1Z7000000000000166,picked_up,2026-04-05T08:00:00Z,"Ontario, CA",EVT-000662
SHP-00166,1Z7000000000000166,in_transit,2026-04-07T08:00:00Z,Zone 6 network,EVT-000663
SHP-00166,1Z7000000000000166,delivered,2026-04-09T08:00:00Z,"Miami, FL",EVT-000664
SHP-00167,790000000167,label_created,2026-04-05T07:00:00Z,"Edison, NJ",EVT-000665
SHP-00167,790000000167,picked_up,2026-04-05T13:00:00Z,"Edison, NJ",EVT-000666
SHP-00167,790000000167,in_transit,2026-04-07T01:00:00Z,Zone 4 network,EVT-000667
SHP-00167,790000000167,delivered,2026-04-08T13:00:00Z,"Atlanta, GA",EVT-000668
SHP-00168,790000000168,label_created,2026-04-05T17:00:00Z,"Joliet, IL",EVT-000669
SHP-00168,790000000168,picked_up,2026-04-05T23:00:00Z,"Joliet, IL",EVT-000670
SHP-00168,790000000168,in_transit,2026-04-07T11:00:00Z,Zone 4 network,EVT-000671
SHP-00168,790000000168,delivered,2026-04-08T23:00:00Z,"Charlotte, NC",EVT-000672
SHP-00169,790000000169,label_created,2026-04-05T17:00:00Z,"Ontario, CA",EVT-000673
SHP-00169,790000000169,picked_up,2026-04-05T23:00:00Z,"Ontario, CA",EVT-000674
SHP-00169,790000000169,in_transit,2026-04-07T23:00:00Z,Zone 6 network,EVT-000675
SHP-00169,790000000169,delivered,2026-04-09T23:00:00Z,"Dallas, TX",EVT-000676
SHP-00170,1Z7000000000000170,label_created,2026-04-05T21:00:00Z,"Ontario, CA",EVT-000677
SHP-00170,1Z7000000000000170,picked_up,2026-04-06T03:00:00Z,"Ontario, CA",EVT-000678
SHP-00170,1Z7000000000000170,in_transit,2026-04-08T03:00:00Z,Zone 7 network,EVT-000679
SHP-00170,1Z7000000000000170,delivered,2026-04-10T03:00:00Z,"Houston, TX",EVT-000680
SHP-00171,790000000171,label_created,2026-04-06T04:00:00Z,"Ontario, CA",EVT-000681
SHP-00171,790000000171,picked_up,2026-04-06T10:00:00Z,"Ontario, CA",EVT-000682
SHP-00171,790000000171,in_transit,2026-04-08T10:00:00Z,Zone 7 network,EVT-000683
SHP-00171,790000000171,delivered,2026-04-10T10:00:00Z,"Chicago, IL",EVT-000684
SHP-00172,1Z7000000000000172,label_created,2026-04-06T22:00:00Z,"Joliet, IL",EVT-000685
SHP-00172,1Z7000000000000172,picked_up,2026-04-07T04:00:00Z,"Joliet, IL",EVT-000686
SHP-00172,1Z7000000000000172,in_transit,2026-04-07T16:00:00Z,Zone 4 network,EVT-000687
SHP-00172,1Z7000000000000172,delivered,2026-04-08T04:00:00Z,"Minneapolis, MN",EVT-000688
SHP-00173,1Z7000000000000173,label_created,2026-04-06T17:00:00Z,"Joliet, IL",EVT-000689
SHP-00173,1Z7000000000000173,picked_up,2026-04-06T23:00:00Z,"Joliet, IL",EVT-000690
SHP-00173,1Z7000000000000173,in_transit,2026-04-07T23:00:00Z,Zone 3 network,EVT-000691
SHP-00173,1Z7000000000000173,delivered,2026-04-08T23:00:00Z,"Columbus, OH",EVT-000692
SHP-00174,790000000174,label_created,2026-04-06T18:00:00Z,"Ontario, CA",EVT-000693
SHP-00174,790000000174,picked_up,2026-04-07T00:00:00Z,"Ontario, CA",EVT-000694
SHP-00174,790000000174,in_transit,2026-04-08T12:00:00Z,Zone 5 network,EVT-000695
SHP-00174,790000000174,delivered,2026-04-10T00:00:00Z,"Denver, CO",EVT-000696
SHP-00175,790000000175,label_created,2026-04-07T04:00:00Z,"Ontario, CA",EVT-000697
SHP-00175,790000000175,picked_up,2026-04-07T10:00:00Z,"Ontario, CA",EVT-000698
SHP-00175,790000000175,in_transit,2026-04-08T22:00:00Z,Zone 4 network,EVT-000699
SHP-00175,790000000175,delivered,2026-04-10T10:00:00Z,"Salt Lake City, UT",EVT-000700
SHP-00176,790000000176,label_created,2026-04-07T04:00:00Z,"Joliet, IL",EVT-000701
SHP-00176,790000000176,picked_up,2026-04-07T10:00:00Z,"Joliet, IL",EVT-000702
SHP-00176,790000000176,in_transit,2026-04-09T22:00:00Z,Zone 7 network,EVT-000703
SHP-00176,790000000176,delivered,2026-04-12T10:00:00Z,"Boise, ID",EVT-000704
SHP-00177,1Z7000000000000177,label_created,2026-04-07T14:00:00Z,"Ontario, CA",EVT-000705
SHP-00177,1Z7000000000000177,picked_up,2026-04-07T20:00:00Z,"Ontario, CA",EVT-000706
SHP-00177,1Z7000000000000177,in_transit,2026-04-08T20:00:00Z,Zone 3 network,EVT-000707
SHP-00177,1Z7000000000000177,delivered,2026-04-09T20:00:00Z,"Phoenix, AZ",EVT-000708
SHP-00178,790000000178,label_created,2026-04-07T18:00:00Z,"Ontario, CA",EVT-000709
SHP-00178,790000000178,picked_up,2026-04-08T00:00:00Z,"Ontario, CA",EVT-000710
SHP-00178,790000000178,in_transit,2026-04-08T12:00:00Z,Zone 3 network,EVT-000711
SHP-00178,790000000178,delivered,2026-04-09T00:00:00Z,"Los Angeles, CA",EVT-000712
SHP-00179,1Z7000000000000179,label_created,2026-04-07T20:00:00Z,"Ontario, CA",EVT-000713
SHP-00179,1Z7000000000000179,picked_up,2026-04-08T02:00:00Z,"Ontario, CA",EVT-000714
SHP-00179,1Z7000000000000179,in_transit,2026-04-09T02:00:00Z,Zone 2 network,EVT-000715
SHP-00179,1Z7000000000000179,delivered,2026-04-10T02:00:00Z,"San Francisco, CA",EVT-000716
SHP-00180,1Z7000000000000180,label_created,2026-04-08T05:00:00Z,"Ontario, CA",EVT-000717
SHP-00180,1Z7000000000000180,picked_up,2026-04-08T11:00:00Z,"Ontario, CA",EVT-000718
SHP-00180,1Z7000000000000180,in_transit,2026-04-09T11:00:00Z,Zone 2 network,EVT-000719
SHP-00180,1Z7000000000000180,delivered,2026-04-10T11:00:00Z,"Seattle, WA",EVT-000720
SHP-00181,1Z7000000000000181,label_created,2026-04-09T10:00:00Z,"Edison, NJ",EVT-000721
SHP-00181,1Z7000000000000181,picked_up,2026-04-09T16:00:00Z,"Edison, NJ",EVT-000722
SHP-00181,1Z7000000000000181,in_transit,2026-04-10T16:00:00Z,Zone 2 network,EVT-000723
SHP-00181,1Z7000000000000181,delivered,2026-04-11T16:00:00Z,"New York, NY",EVT-000724
SHP-00182,1Z7000000000000182,label_created,2026-04-09T13:00:00Z,"Edison, NJ",EVT-000725
SHP-00182,1Z7000000000000182,picked_up,2026-04-09T19:00:00Z,"Edison, NJ",EVT-000726
SHP-00182,1Z7000000000000182,in_transit,2026-04-10T19:00:00Z,Zone 3 network,EVT-000727
SHP-00182,1Z7000000000000182,delivered,2026-04-11T19:00:00Z,"Boston, MA",EVT-000728
SHP-00183,790000000183,label_created,2026-04-08T20:00:00Z,"Edison, NJ",EVT-000729
SHP-00183,790000000183,picked_up,2026-04-09T02:00:00Z,"Edison, NJ",EVT-000730
SHP-00183,790000000183,in_transit,2026-04-10T02:00:00Z,Zone 2 network,EVT-000731
SHP-00183,790000000183,delivered,2026-04-11T02:00:00Z,"Philadelphia, PA",EVT-000732
SHP-00184,790000000184,label_created,2026-04-09T11:00:00Z,"Ontario, CA",EVT-000733
SHP-00184,790000000184,picked_up,2026-04-09T17:00:00Z,"Ontario, CA",EVT-000734
SHP-00184,790000000184,in_transit,2026-04-10T17:00:00Z,Zone 7 network,EVT-000735
SHP-00184,790000000184,delivered,2026-04-11T17:00:00Z,"Miami, FL",EVT-000736
SHP-00185,790000000185,label_created,2026-04-08T23:00:00Z,"Joliet, IL",EVT-000737
SHP-00185,790000000185,picked_up,2026-04-09T05:00:00Z,"Joliet, IL",EVT-000738
SHP-00185,790000000185,in_transit,2026-04-10T05:00:00Z,Zone 4 network,EVT-000739
SHP-00185,790000000185,delivered,2026-04-11T05:00:00Z,"Atlanta, GA",EVT-000740
SHP-00186,790000000186,label_created,2026-04-09T09:00:00Z,"Edison, NJ",EVT-000741
SHP-00186,790000000186,picked_up,2026-04-09T15:00:00Z,"Edison, NJ",EVT-000742
SHP-00186,790000000186,in_transit,2026-04-11T03:00:00Z,Zone 4 network,EVT-000743
SHP-00186,790000000186,delivered,2026-04-12T15:00:00Z,"Charlotte, NC",EVT-000744
SHP-00187,1Z7000000000000187,label_created,2026-04-10T04:00:00Z,"Joliet, IL",EVT-000745
SHP-00187,1Z7000000000000187,picked_up,2026-04-10T10:00:00Z,"Joliet, IL",EVT-000746
SHP-00187,1Z7000000000000187,in_transit,2026-04-11T22:00:00Z,Zone 4 network,EVT-000747
SHP-00187,1Z7000000000000187,delivered,2026-04-13T10:00:00Z,"Dallas, TX",EVT-000748
SHP-00188,790000000188,label_created,2026-04-09T17:00:00Z,"Joliet, IL",EVT-000749
SHP-00188,790000000188,picked_up,2026-04-09T23:00:00Z,"Joliet, IL",EVT-000750
SHP-00188,790000000188,in_transit,2026-04-11T11:00:00Z,Zone 4 network,EVT-000751
SHP-00188,790000000188,delivered,2026-04-12T23:00:00Z,"Houston, TX",EVT-000752
SHP-00189,1Z7000000000000189,label_created,2026-04-10T11:00:00Z,"Joliet, IL",EVT-000753
SHP-00189,1Z7000000000000189,picked_up,2026-04-10T17:00:00Z,"Joliet, IL",EVT-000754
SHP-00189,1Z7000000000000189,in_transit,2026-04-11T17:00:00Z,Zone 3 network,EVT-000755
SHP-00189,1Z7000000000000189,delivered,2026-04-12T17:00:00Z,"Chicago, IL",EVT-000756
SHP-00190,790000000190,label_created,2026-04-10T07:00:00Z,"Joliet, IL",EVT-000757
SHP-00190,790000000190,picked_up,2026-04-10T13:00:00Z,"Joliet, IL",EVT-000758
SHP-00190,790000000190,in_transit,2026-04-11T13:00:00Z,Zone 3 network,EVT-000759
SHP-00190,790000000190,delivered,2026-04-12T13:00:00Z,"Minneapolis, MN",EVT-000760
SHP-00191,790000000191,label_created,2026-04-10T21:00:00Z,"Joliet, IL",EVT-000761
SHP-00191,790000000191,picked_up,2026-04-11T03:00:00Z,"Joliet, IL",EVT-000762
SHP-00191,790000000191,in_transit,2026-04-12T03:00:00Z,Zone 3 network,EVT-000763
SHP-00191,790000000191,delivered,2026-04-13T03:00:00Z,"Columbus, OH",EVT-000764
SHP-00192,790000000192,label_created,2026-04-10T13:00:00Z,"Ontario, CA",EVT-000765
SHP-00192,790000000192,picked_up,2026-04-10T19:00:00Z,"Ontario, CA",EVT-000766
SHP-00192,790000000192,in_transit,2026-04-12T07:00:00Z,Zone 5 network,EVT-000767
SHP-00192,790000000192,delivered,2026-04-13T19:00:00Z,"Denver, CO",EVT-000768
SHP-00193,1Z7000000000000193,label_created,2026-04-11T22:00:00Z,"Edison, NJ",EVT-000769
SHP-00193,1Z7000000000000193,picked_up,2026-04-12T04:00:00Z,"Edison, NJ",EVT-000770
SHP-00193,1Z7000000000000193,in_transit,2026-04-13T04:00:00Z,Zone 7 network,EVT-000771
SHP-00193,1Z7000000000000193,delivered,2026-04-14T04:00:00Z,"Salt Lake City, UT",EVT-000772
SHP-00194,1Z7000000000000194,label_created,2026-04-10T22:00:00Z,"Joliet, IL",EVT-000773
SHP-00194,1Z7000000000000194,picked_up,2026-04-11T04:00:00Z,"Joliet, IL",EVT-000774
SHP-00194,1Z7000000000000194,in_transit,2026-04-11T16:00:00Z,Zone 7 network,EVT-000775
SHP-00194,1Z7000000000000194,delivered,2026-04-12T04:00:00Z,"Boise, ID",EVT-000776
SHP-00195,790000000195,label_created,2026-04-11T04:00:00Z,"Ontario, CA",EVT-000777
SHP-00195,790000000195,picked_up,2026-04-11T10:00:00Z,"Ontario, CA",EVT-000778
SHP-00195,790000000195,in_transit,2026-04-12T10:00:00Z,Zone 2 network,EVT-000779
SHP-00195,790000000195,delivered,2026-04-13T10:00:00Z,"Phoenix, AZ",EVT-000780
SHP-00196,1Z7000000000000196,label_created,2026-04-11T09:00:00Z,"Ontario, CA",EVT-000781
SHP-00196,1Z7000000000000196,picked_up,2026-04-11T15:00:00Z,"Ontario, CA",EVT-000782
SHP-00196,1Z7000000000000196,in_transit,2026-04-12T15:00:00Z,Zone 3 network,EVT-000783
SHP-00196,1Z7000000000000196,delivered,2026-04-13T15:00:00Z,"Los Angeles, CA",EVT-000784
SHP-00197,1Z7000000000000197,label_created,2026-04-11T18:00:00Z,"Ontario, CA",EVT-000785
SHP-00197,1Z7000000000000197,picked_up,2026-04-12T00:00:00Z,"Ontario, CA",EVT-000786
SHP-00197,1Z7000000000000197,in_transit,2026-04-13T00:00:00Z,Zone 3 network,EVT-000787
SHP-00197,1Z7000000000000197,delivered,2026-04-14T00:00:00Z,"San Francisco, CA",EVT-000788
SHP-00198,790000000198,label_created,2026-04-11T20:00:00Z,"Ontario, CA",EVT-000789
SHP-00198,790000000198,picked_up,2026-04-12T02:00:00Z,"Ontario, CA",EVT-000790
SHP-00198,790000000198,in_transit,2026-04-13T02:00:00Z,Zone 2 network,EVT-000791
SHP-00198,790000000198,delivered,2026-04-14T02:00:00Z,"Seattle, WA",EVT-000792
SHP-00199,1Z7000000000000199,label_created,2026-04-12T14:00:00Z,"Edison, NJ",EVT-000793
SHP-00199,1Z7000000000000199,picked_up,2026-04-12T20:00:00Z,"Edison, NJ",EVT-000794
SHP-00199,1Z7000000000000199,in_transit,2026-04-13T20:00:00Z,Zone 2 network,EVT-000795
SHP-00199,1Z7000000000000199,delivered,2026-04-14T20:00:00Z,"New York, NY",EVT-000796
SHP-00200,1Z7000000000000200,label_created,2026-04-12T08:00:00Z,"Joliet, IL",EVT-000797
SHP-00200,1Z7000000000000200,picked_up,2026-04-12T14:00:00Z,"Joliet, IL",EVT-000798
SHP-00200,1Z7000000000000200,in_transit,2026-04-14T02:00:00Z,Zone 4 network,EVT-000799
SHP-00200,1Z7000000000000200,delivered,2026-04-15T14:00:00Z,"Boston, MA",EVT-000800
SHP-00201,1Z7000000000000201,label_created,2026-04-12T11:00:00Z,"Edison, NJ",EVT-000801
SHP-00201,1Z7000000000000201,picked_up,2026-04-12T17:00:00Z,"Edison, NJ",EVT-000802
SHP-00201,1Z7000000000000201,in_transit,2026-04-13T17:00:00Z,Zone 2 network,EVT-000803
SHP-00201,1Z7000000000000201,delivered,2026-04-14T17:00:00Z,"Philadelphia, PA",EVT-000804
SHP-00202,1Z7000000000000202,label_created,2026-04-12T19:00:00Z,"Joliet, IL",EVT-000805
SHP-00202,1Z7000000000000202,picked_up,2026-04-13T01:00:00Z,"Joliet, IL",EVT-000806
SHP-00202,1Z7000000000000202,in_transit,2026-04-14T13:00:00Z,Zone 5 network,EVT-000807
SHP-00202,1Z7000000000000202,delivered,2026-04-16T01:00:00Z,"Miami, FL",EVT-000808
SHP-00203,1Z7000000000000203,label_created,2026-04-13T23:00:00Z,"Edison, NJ",EVT-000809
SHP-00203,1Z7000000000000203,picked_up,2026-04-14T05:00:00Z,"Edison, NJ",EVT-000810
SHP-00203,1Z7000000000000203,in_transit,2026-04-15T17:00:00Z,Zone 5 network,EVT-000811
SHP-00203,1Z7000000000000203,delivered,2026-04-17T05:00:00Z,"Atlanta, GA",EVT-000812
SHP-00204,1Z7000000000000204,label_created,2026-04-13T04:00:00Z,"Joliet, IL",EVT-000813
SHP-00204,1Z7000000000000204,picked_up,2026-04-13T10:00:00Z,"Joliet, IL",EVT-000814
SHP-00204,1Z7000000000000204,in_transit,2026-04-14T22:00:00Z,Zone 4 network,EVT-000815
SHP-00204,1Z7000000000000204,delivered,2026-04-16T10:00:00Z,"Charlotte, NC",EVT-000816
SHP-00205,1Z7000000000000205,label_created,2026-04-13T05:00:00Z,"Joliet, IL",EVT-000817
SHP-00205,1Z7000000000000205,picked_up,2026-04-13T11:00:00Z,"Joliet, IL",EVT-000818
SHP-00205,1Z7000000000000205,in_transit,2026-04-14T23:00:00Z,Zone 4 network,EVT-000819
SHP-00205,1Z7000000000000205,delivered,2026-04-16T11:00:00Z,"Dallas, TX",EVT-000820
SHP-00206,790000000206,label_created,2026-04-14T03:00:00Z,"Joliet, IL",EVT-000821
SHP-00206,790000000206,picked_up,2026-04-14T09:00:00Z,"Joliet, IL",EVT-000822
SHP-00206,790000000206,in_transit,2026-04-15T21:00:00Z,Zone 5 network,EVT-000823
SHP-00206,790000000206,delivered,2026-04-17T09:00:00Z,"Houston, TX",EVT-000824
SHP-00207,1Z7000000000000207,label_created,2026-04-13T15:00:00Z,"Joliet, IL",EVT-000825
SHP-00207,1Z7000000000000207,picked_up,2026-04-13T21:00:00Z,"Joliet, IL",EVT-000826
SHP-00207,1Z7000000000000207,in_transit,2026-04-14T21:00:00Z,Zone 3 network,EVT-000827
SHP-00207,1Z7000000000000207,delivered,2026-04-15T21:00:00Z,"Chicago, IL",EVT-000828
SHP-00208,790000000208,label_created,2026-04-13T23:00:00Z,"Joliet, IL",EVT-000829
SHP-00208,790000000208,picked_up,2026-04-14T05:00:00Z,"Joliet, IL",EVT-000830
SHP-00208,790000000208,in_transit,2026-04-15T05:00:00Z,Zone 3 network,EVT-000831
SHP-00208,790000000208,delivered,2026-04-16T05:00:00Z,"Minneapolis, MN",EVT-000832
SHP-00209,1Z7000000000000209,label_created,2026-04-13T23:00:00Z,"Joliet, IL",EVT-000833
SHP-00209,1Z7000000000000209,picked_up,2026-04-14T05:00:00Z,"Joliet, IL",EVT-000834
SHP-00209,1Z7000000000000209,in_transit,2026-04-15T17:00:00Z,Zone 4 network,EVT-000835
SHP-00209,1Z7000000000000209,delivered,2026-04-17T05:00:00Z,"Columbus, OH",EVT-000836
SHP-00210,1Z7000000000000210,label_created,2026-04-14T07:00:00Z,"Ontario, CA",EVT-000837
SHP-00210,1Z7000000000000210,picked_up,2026-04-14T13:00:00Z,"Ontario, CA",EVT-000838
SHP-00210,1Z7000000000000210,in_transit,2026-04-16T01:00:00Z,Zone 4 network,EVT-000839
SHP-00210,1Z7000000000000210,delivered,2026-04-17T13:00:00Z,"Denver, CO",EVT-000840
SHP-00211,790000000211,label_created,2026-04-14T14:00:00Z,"Ontario, CA",EVT-000841
SHP-00211,790000000211,picked_up,2026-04-14T20:00:00Z,"Ontario, CA",EVT-000842
SHP-00211,790000000211,in_transit,2026-04-16T08:00:00Z,Zone 4 network,EVT-000843
SHP-00211,790000000211,delivered,2026-04-17T20:00:00Z,"Salt Lake City, UT",EVT-000844
SHP-00212,790000000212,label_created,2026-04-14T18:00:00Z,"Ontario, CA",EVT-000845
SHP-00212,790000000212,picked_up,2026-04-15T00:00:00Z,"Ontario, CA",EVT-000846
SHP-00212,790000000212,in_transit,2026-04-15T12:00:00Z,Zone 5 network,EVT-000847
SHP-00212,790000000212,delivered,2026-04-16T00:00:00Z,"Boise, ID",EVT-000848
SHP-00213,1Z7000000000000213,label_created,2026-04-14T23:00:00Z,"Ontario, CA",EVT-000849
SHP-00213,1Z7000000000000213,picked_up,2026-04-15T05:00:00Z,"Ontario, CA",EVT-000850
SHP-00213,1Z7000000000000213,in_transit,2026-04-16T05:00:00Z,Zone 2 network,EVT-000851
SHP-00213,1Z7000000000000213,delivered,2026-04-17T05:00:00Z,"Phoenix, AZ",EVT-000852
SHP-00214,790000000214,label_created,2026-04-15T17:00:00Z,"Ontario, CA",EVT-000853
SHP-00214,790000000214,picked_up,2026-04-15T23:00:00Z,"Ontario, CA",EVT-000854
SHP-00214,790000000214,in_transit,2026-04-16T23:00:00Z,Zone 2 network,EVT-000855
SHP-00214,790000000214,delivered,2026-04-17T23:00:00Z,"Los Angeles, CA",EVT-000856
SHP-00215,1Z7000000000000215,label_created,2026-04-15T10:00:00Z,"Ontario, CA",EVT-000857
SHP-00215,1Z7000000000000215,picked_up,2026-04-15T16:00:00Z,"Ontario, CA",EVT-000858
SHP-00215,1Z7000000000000215,in_transit,2026-04-16T16:00:00Z,Zone 3 network,EVT-000859
SHP-00215,1Z7000000000000215,delivered,2026-04-17T16:00:00Z,"San Francisco, CA",EVT-000860
SHP-00216,1Z7000000000000216,label_created,2026-04-15T10:00:00Z,"Joliet, IL",EVT-000861
SHP-00216,1Z7000000000000216,picked_up,2026-04-15T16:00:00Z,"Joliet, IL",EVT-000862
SHP-00216,1Z7000000000000216,in_transit,2026-04-17T16:00:00Z,Zone 8 network,EVT-000863
SHP-00216,1Z7000000000000216,delivered,2026-04-19T16:00:00Z,"Seattle, WA",EVT-000864
SHP-00217,790000000217,label_created,2026-04-16T08:00:00Z,"Edison, NJ",EVT-000865
SHP-00217,790000000217,picked_up,2026-04-16T14:00:00Z,"Edison, NJ",EVT-000866
SHP-00217,790000000217,in_transit,2026-04-17T14:00:00Z,Zone 2 network,EVT-000867
SHP-00217,790000000217,delivered,2026-04-18T14:00:00Z,"New York, NY",EVT-000868
SHP-00218,1Z7000000000000218,label_created,2026-04-16T00:00:00Z,"Edison, NJ",EVT-000869
SHP-00218,1Z7000000000000218,picked_up,2026-04-16T06:00:00Z,"Edison, NJ",EVT-000870
SHP-00218,1Z7000000000000218,in_transit,2026-04-17T06:00:00Z,Zone 3 network,EVT-000871
SHP-00218,1Z7000000000000218,delivered,2026-04-18T06:00:00Z,"Boston, MA",EVT-000872
SHP-00219,1Z7000000000000219,label_created,2026-04-16T01:00:00Z,"Edison, NJ",EVT-000873
SHP-00219,1Z7000000000000219,picked_up,2026-04-16T07:00:00Z,"Edison, NJ",EVT-000874
SHP-00219,1Z7000000000000219,in_transit,2026-04-17T07:00:00Z,Zone 2 network,EVT-000875
SHP-00219,1Z7000000000000219,delivered,2026-04-18T07:00:00Z,"Philadelphia, PA",EVT-000876
SHP-00220,1Z7000000000000220,label_created,2026-04-17T10:00:00Z,"Ontario, CA",EVT-000877
SHP-00220,1Z7000000000000220,picked_up,2026-04-17T16:00:00Z,"Ontario, CA",EVT-000878
SHP-00220,1Z7000000000000220,in_transit,2026-04-19T16:00:00Z,Zone 7 network,EVT-000879
SHP-00220,1Z7000000000000220,delivered,2026-04-21T16:00:00Z,"Miami, FL",EVT-000880
SHP-00221,790000000221,label_created,2026-04-17T06:00:00Z,"Joliet, IL",EVT-000881
SHP-00221,790000000221,picked_up,2026-04-17T12:00:00Z,"Joliet, IL",EVT-000882
SHP-00221,790000000221,in_transit,2026-04-19T00:00:00Z,Zone 4 network,EVT-000883
SHP-00221,790000000221,delivered,2026-04-20T12:00:00Z,"Atlanta, GA",EVT-000884
SHP-00222,1Z7000000000000222,label_created,2026-04-16T16:00:00Z,"Edison, NJ",EVT-000885
SHP-00222,1Z7000000000000222,picked_up,2026-04-16T22:00:00Z,"Edison, NJ",EVT-000886
SHP-00222,1Z7000000000000222,in_transit,2026-04-18T10:00:00Z,Zone 5 network,EVT-000887
SHP-00222,1Z7000000000000222,delivered,2026-04-19T22:00:00Z,"Charlotte, NC",EVT-000888
SHP-00223,790000000223,label_created,2026-04-17T03:00:00Z,"Edison, NJ",EVT-000889
SHP-00223,790000000223,picked_up,2026-04-17T09:00:00Z,"Edison, NJ",EVT-000890
SHP-00223,790000000223,in_transit,2026-04-18T21:00:00Z,Zone 4 network,EVT-000891
SHP-00223,790000000223,delivered,2026-04-20T09:00:00Z,"Dallas, TX",EVT-000892
SHP-00224,1Z7000000000000224,label_created,2026-04-18T07:00:00Z,"Edison, NJ",EVT-000893
SHP-00224,1Z7000000000000224,picked_up,2026-04-18T13:00:00Z,"Edison, NJ",EVT-000894
SHP-00224,1Z7000000000000224,in_transit,2026-04-20T01:00:00Z,Zone 4 network,EVT-000895
SHP-00224,1Z7000000000000224,delivered,2026-04-21T13:00:00Z,"Houston, TX",EVT-000896
SHP-00225,1Z7000000000000225,label_created,2026-04-17T09:00:00Z,"Joliet, IL",EVT-000897
SHP-00225,1Z7000000000000225,picked_up,2026-04-17T15:00:00Z,"Joliet, IL",EVT-000898
SHP-00225,1Z7000000000000225,in_transit,2026-04-18T15:00:00Z,Zone 3 network,EVT-000899
SHP-00225,1Z7000000000000225,delivered,2026-04-19T15:00:00Z,"Chicago, IL",EVT-000900
SHP-00226,1Z7000000000000226,label_created,2026-04-17T13:00:00Z,"Edison, NJ",EVT-000901
SHP-00226,1Z7000000000000226,picked_up,2026-04-17T19:00:00Z,"Edison, NJ",EVT-000902
SHP-00226,1Z7000000000000226,in_transit,2026-04-18T07:00:00Z,Zone 4 network,EVT-000903
SHP-00226,1Z7000000000000226,delivered,2026-04-18T19:00:00Z,"Minneapolis, MN",EVT-000904
SHP-00227,790000000227,label_created,2026-04-17T20:00:00Z,"Joliet, IL",EVT-000905
SHP-00227,790000000227,picked_up,2026-04-18T02:00:00Z,"Joliet, IL",EVT-000906
SHP-00227,790000000227,in_transit,2026-04-19T02:00:00Z,Zone 3 network,EVT-000907
SHP-00227,790000000227,delivered,2026-04-20T02:00:00Z,"Columbus, OH",EVT-000908
SHP-00228,1Z7000000000000228,label_created,2026-04-17T23:00:00Z,"Joliet, IL",EVT-000909
SHP-00228,1Z7000000000000228,picked_up,2026-04-18T05:00:00Z,"Joliet, IL",EVT-000910
SHP-00228,1Z7000000000000228,in_transit,2026-04-20T05:00:00Z,Zone 6 network,EVT-000911
SHP-00228,1Z7000000000000228,delivered,2026-04-22T05:00:00Z,"Denver, CO",EVT-000912
SHP-00229,1Z7000000000000229,label_created,2026-04-18T10:00:00Z,"Ontario, CA",EVT-000913
SHP-00229,1Z7000000000000229,picked_up,2026-04-18T16:00:00Z,"Ontario, CA",EVT-000914
SHP-00229,1Z7000000000000229,in_transit,2026-04-20T04:00:00Z,Zone 4 network,EVT-000915
SHP-00229,1Z7000000000000229,delivered,2026-04-21T16:00:00Z,"Salt Lake City, UT",EVT-000916
SHP-00230,790000000230,label_created,2026-04-19T13:00:00Z,"Joliet, IL",EVT-000917
SHP-00230,790000000230,picked_up,2026-04-19T19:00:00Z,"Joliet, IL",EVT-000918
SHP-00230,790000000230,in_transit,2026-04-22T07:00:00Z,Zone 7 network,EVT-000919
SHP-00230,790000000230,delivered,2026-04-24T19:00:00Z,"Boise, ID",EVT-000920
SHP-00231,1Z7000000000000231,label_created,2026-04-18T17:00:00Z,"Ontario, CA",EVT-000921
SHP-00231,1Z7000000000000231,picked_up,2026-04-18T23:00:00Z,"Ontario, CA",EVT-000922
SHP-00231,1Z7000000000000231,in_transit,2026-04-19T23:00:00Z,Zone 2 network,EVT-000923
SHP-00231,1Z7000000000000231,delivered,2026-04-20T23:00:00Z,"Phoenix, AZ",EVT-000924
SHP-00232,1Z7000000000000232,label_created,2026-04-19T01:00:00Z,"Ontario, CA",EVT-000925
SHP-00232,1Z7000000000000232,picked_up,2026-04-19T07:00:00Z,"Ontario, CA",EVT-000926
SHP-00232,1Z7000000000000232,in_transit,2026-04-20T07:00:00Z,Zone 3 network,EVT-000927
SHP-00232,1Z7000000000000232,delivered,2026-04-21T07:00:00Z,"Los Angeles, CA",EVT-000928
SHP-00233,790000000233,label_created,2026-04-19T18:00:00Z,"Ontario, CA",EVT-000929
SHP-00233,790000000233,picked_up,2026-04-20T00:00:00Z,"Ontario, CA",EVT-000930
SHP-00233,790000000233,in_transit,2026-04-21T00:00:00Z,Zone 2 network,EVT-000931
SHP-00233,790000000233,delivered,2026-04-22T00:00:00Z,"San Francisco, CA",EVT-000932
SHP-00234,1Z7000000000000234,label_created,2026-04-19T21:00:00Z,"Ontario, CA",EVT-000933
SHP-00234,1Z7000000000000234,picked_up,2026-04-20T03:00:00Z,"Ontario, CA",EVT-000934
SHP-00234,1Z7000000000000234,in_transit,2026-04-21T03:00:00Z,Zone 2 network,EVT-000935
SHP-00234,1Z7000000000000234,delivered,2026-04-22T03:00:00Z,"Seattle, WA",EVT-000936
SHP-00235,790000000235,label_created,2026-04-19T13:00:00Z,"Edison, NJ",EVT-000937
SHP-00235,790000000235,picked_up,2026-04-19T19:00:00Z,"Edison, NJ",EVT-000938
SHP-00235,790000000235,in_transit,2026-04-20T19:00:00Z,Zone 3 network,EVT-000939
SHP-00235,790000000235,delivered,2026-04-21T19:00:00Z,"New York, NY",EVT-000940
SHP-00236,1Z7000000000000236,label_created,2026-04-19T18:00:00Z,"Edison, NJ",EVT-000941
SHP-00236,1Z7000000000000236,picked_up,2026-04-20T00:00:00Z,"Edison, NJ",EVT-000942
SHP-00236,1Z7000000000000236,in_transit,2026-04-21T00:00:00Z,Zone 2 network,EVT-000943
SHP-00236,1Z7000000000000236,delivered,2026-04-22T00:00:00Z,"Boston, MA",EVT-000944
SHP-00237,1Z7000000000000237,label_created,2026-04-21T02:00:00Z,"Edison, NJ",EVT-000945
SHP-00237,1Z7000000000000237,picked_up,2026-04-21T08:00:00Z,"Edison, NJ",EVT-000946
SHP-00237,1Z7000000000000237,in_transit,2026-04-21T20:00:00Z,Zone 2 network,EVT-000947
SHP-00237,1Z7000000000000237,delivered,2026-04-22T08:00:00Z,"Philadelphia, PA",EVT-000948
SHP-00238,1Z7000000000000238,label_created,2026-04-20T03:00:00Z,"Ontario, CA",EVT-000949
SHP-00238,1Z7000000000000238,picked_up,2026-04-20T09:00:00Z,"Ontario, CA",EVT-000950
SHP-00238,1Z7000000000000238,in_transit,2026-04-22T09:00:00Z,Zone 6 network,EVT-000951
SHP-00238,1Z7000000000000238,delivered,2026-04-24T09:00:00Z,"Miami, FL",EVT-000952
SHP-00239,790000000239,label_created,2026-04-20T22:00:00Z,"Edison, NJ",EVT-000953
SHP-00239,790000000239,picked_up,2026-04-21T04:00:00Z,"Edison, NJ",EVT-000954
SHP-00239,790000000239,in_transit,2026-04-22T04:00:00Z,Zone 4 network,EVT-000955
SHP-00239,790000000239,delivered,2026-04-23T04:00:00Z,"Atlanta, GA",EVT-000956
SHP-00240,790000000240,label_created,2026-04-20T15:00:00Z,"Joliet, IL",EVT-000957
SHP-00240,790000000240,picked_up,2026-04-20T21:00:00Z,"Joliet, IL",EVT-000958
SHP-00240,790000000240,in_transit,2026-04-21T21:00:00Z,Zone 4 network,EVT-000959
SHP-00240,790000000240,delivered,2026-04-22T21:00:00Z,"Charlotte, NC",EVT-000960
